"image","xmin","ymin","xmax","ymax","label"
"STR_S1_12.jpg",718.2997630331754,2527.1403197158083,2312.612559241706,2779.854351687389,"Stairs"
"STR_S1_1.jpg",840.8948069241011,978.4156305506219,2376.479735352862,1596.3623445825938,"Stairs"
"STR_S1_13.jpg",99.93968750000002,4.817051509769094,1276.0196875000004,1618.5293072824154,"Stairs"
"STR_S1_10.jpg",1001.7443408788282,1690.2309058614567,3666.1384820239678,2660.035523978686,"Stairs"
"STR_S1_11.jpg",1335.4265402843603,2918.6500888099467,3102.440758293839,3716.6607460035525,"Stairs"
"STR_S1_18.jpg",1656.2450066577894,1136.056838365897,3367.017310252996,3036.8738898756665,"Stairs"
"STR_S1_16.jpg",743.3540000000002,471.05150976909414,1622.2660000000005,1746.0781527531083,"Stairs"
"STR_S1_15.jpg",935.2729693741678,0,2702.3035952063915,1828.7744227353464,"Stairs"
"STR_S1_14.jpg",359.1877496671105,27.708703374777976,1566.750998668442,1557.2291296625224,"Stairs"
"STR_S1_17.jpg",697.0838881491344,266.0035523978686,2547.2037283621835,2809.662522202487,"Stairs"
"STR_S1_21.jpg",1069.081225033289,338.0461811722913,3516.577896138482,2937.122557726466,"Stairs"
"STR_S1_2.jpg",428.4199999999999,1104.9378330373002,2496.8133333333335,2182.252220248668,"Stairs"
"STR_S1_20.jpg",610.8767772511848,1034.458259325044,2814.09952606635,1876.8028419182942,"Stairs"
"STR_S1_19.jpg",470.40284360189565,1876.8028419182947,3035.9004739336488,2829.9822380106566,"Stairs"
"STR_S1_22.jpg",1268.4953395472703,188.41918294849023,3300.5459387483356,3053.499111900533,"Stairs"
"STR_S1_23.jpg",254.2348933649289,220.55417406749555,1407.6113744075828,2920.852575488455,"Stairs"
"STR_S1_24.jpg",433.354560959507,282.6287744227354,1528.2042253521126,2898.330373001776,"Stairs"
"STR_S1_27.jpg",577.3209054593875,216.59147424511545,2189.760153129161,2374.01243339254,"Stairs"
"STR_S1_26.jpg",1173.4620505992011,0,3738.1491344873502,3025.790408525755,"Stairs"
"STR_S1_25.jpg",196.8483412322274,169.94671403197157,2858.459715639809,3893.9964476021296,"Stairs"
"STR_S1_28.jpg",406.1658767772512,295.24689165186504,2329.972859893365,3370.7353463587942,"Stairs"
"STR_S1_30.jpg",0,1366.96269982238,3102.4407582938384,2889.0941385435162,"Stairs"
"STR_S1_29.jpg",0,1300.461811722913,3087.654028436019,3450.657193605684,"Stairs"
"STR_S1_3.jpg",458.38862559241704,827.5666074600364,2954.5734597156397,4160,"Stairs"
"STR_S1_31.jpg",0,1271.2611012433392,2306.631664691943,2838.4191829484903,"Stairs"
"STR_S1_33.jpg",1494.74034620506,1052.9307282415632,3511.03861517976,3064.582593250444,"Stairs"
"STR_S1_32.jpg",329.92890995260666,598.5079928952042,2791.9194312796208,3923.55239786856,"Stairs"
"STR_S1_36.jpg",0,775.8436944937832,2858.45971563981,4100.88809946714,"Stairs"
"STR_S1_34.jpg",641.6910785619174,49.87566607460036,3389.174434087883,2283.1971580817053,"Stairs"
"STR_S1_35.jpg",258.76777251184836,103.44582593250442,2954.573459715639,3480.2131438721135,"Stairs"
"STR_S1_37.jpg",211.63507109004735,849.7335701598579,2954.573459715639,3857.051509769093,"Stairs"
"STR_S1_40.jpg",522.1563981042653,709.3428063943161,2318.7440758293837,2999.9289520426278,"Stairs"
"STR_S1_38.jpg",317.9146919431288,709.3428063943178,2765.1184834123223,4160,"Stairs"
"STR_S1_39.jpg",403.86255924170615,820.1776198934281,2599.691943127962,3502.3801065719354,"Stairs"
"STR_S1_4.jpg",559.1232227488151,738.8987566607459,2607.0853080568722,3775.7726465364103,"Stairs"
"STR_S1_46.JPG",792.5375,847.474245115453,2504.5859375,3111.1225577264654,"Stairs"
"STR_S1_41.jpg",1068.2157123834886,1124.9733570159856,2868.4820239680425,3120,"Stairs"
"STR_S1_45.JPG",409.98622481108316,669.101243339254,1924.9610358942068,3087.6873889875665,"Stairs"
"STR_S1_42.jpg",322.5355450236966,1795.5239786856127,2717.9857819905214,4160,"Stairs"
"STR_S1_43.jpg",1101.4513981358189,1512.8952042628775,3461.185086551265,3070.1243339253997,"Stairs"
"STR_S1_47.JPG",1288.5219707057254,613.854351687389,3276.5272969374164,3456,"Stairs"
"STR_S1_50.JPG",422.4127829560585,1098.7992895204263,3705.075898801597,2848.284191829485,"Stairs"
"STR_S1_5.jpg",588.696682464455,805.3996447602132,2814.099526066351,3642.7708703374774,"Stairs"
"STR_S1_48.JPG",999.1797603195737,0,3404.4207723035943,3124.5186500888094,"Stairs"
"STR_S1_49.JPG",380.42077230359513,681.3783303730017,3711.2117177097202,3370.060390763765,"Stairs"
"STR_S1_54.JPG",686.252996005326,0,3294.9347536617843,3456,"Stairs"
"STR_S1_53.JPG",0,1602.159857904085,3097.6298268974697,2860.5612788632325,"Stairs"
"STR_S1_52.JPG",433.67705864928917,1021.2255772646537,1741.7339306872038,3778.5346358792194,"Stairs"
"STR_S1_51.JPG",0,1342.2948490230906,3444.7393364928907,3912.298401420959,"Stairs"
"STR_S1_55.JPG",459.2276964047935,0,3705.0758988015978,2811.452930728241,"Stairs"
"STR_S1_57.JPG",0,341.3712255772646,2666.128911451399,2839.5879218472464,"Stairs"
"STR_S1_7.jpg",553.1582681424767,115.53641207815276,1959.047748834887,1872.486678507993,"Stairs"
"STR_S1_56.JPG",514.4500665778961,276.23445825932504,3760.2982689747,3388.4760213143873,"Stairs"
"STR_S1_8.jpg",825.2843601895735,1130.5150976909413,2067.3696682464456,3044.2628774422733,"Stairs"
"STR_S1_6.jpg",1184.5406125166444,443.3392539964476,3200.838881491345,2953.747779751332,"Stairs"
"STR_S2_101.jpg",1039.691943127962,798.0106571936057,2008.222748815166,3531.9360568383654,"Stairs"
"STR_S2_10.jpg",93.34123222748813,1603.4103019538188,2895.4265402843603,3886.6074600355237,"Stairs"
"STR_S1_9.jpg",758.7440758293839,1137.9040852575486,2252.203791469194,3384.1563055062165,"Stairs"
"STR_S2_100.jpg",1589.5734597156397,1765.968028419183,3109.8341232227485,4078.721136767317,"Stairs"
"STR_S2_1.jpg",751.3507109004739,1056.6252220248668,2488.7914691943124,2785.6483126110124,"Stairs"
"STR_S2_104.jpg",1239.3127962085307,236.44760213143869,2336.303317535545,3184.653641207814,"Stairs"
"STR_S2_102.jpg",921.3981042654026,184.7246891651865,1981.4218009478673,2955.595026642983,"Stairs"
"STR_S2_106.JPG",496.0426098535285,0,3883.0146471371504,2897.3925399644754,"Stairs"
"STR_S2_103.jpg",884.4312796208529,362.06039076376555,1852.9620853080569,3206.820603907637,"Stairs"
"STR_S2_105.jpg",1601.5876777251185,443.3392539964476,2868.625592417062,3339.822380106572,"Stairs"
"STR_S2_109.JPG",0,1141.7690941385436,3680.532623169108,3284.120781527531,"Stairs"
"STR_S2_108.JPG",0,411.2824156305506,3600.7669773635153,3357.7833037300175,"Stairs"
"STR_S2_107.JPG",0,42.96980461811723,3741.890812250332,3247.2895204262877,"Stairs"
"STR_S2_111.JPG",736.2982689747004,0,3539.4087882822896,2418.5861456483126,"Stairs"
"STR_S2_11.jpg",0,1285.683836589698,1715.260663507109,4160,"Stairs"
"STR_S2_115.JPG",1852.0585885486018,0,4159.126498002663,3456,"Stairs"
"STR_S2_118.JPG",600.3515312916112,748.9023090586144,2994.2796271637812,3419.1687388987557,"Stairs"
"STR_S2_117.JPG",1870.4660452729693,865.5346358792185,4208.213049267643,2989.4706927175844,"Stairs"
"STR_S2_112.JPG",251.5685752330226,73.66252220248668,2773.3901464713713,3265.7051509769094,"Stairs"
"STR_S2_114.JPG",207.65912117177078,656.8241563055062,2520.862849533954,3370.0603907637656,"Stairs"
"STR_S2_12.jpg",0,1817.690941385435,3095.0473933649287,4093.4991119005326,"Stairs"
"STR_S2_122.JPG",1772.2929427430088,0,4387.110519307589,3456,"Stairs"
"STR_S2_123.JPG",1072.8095872170436,282.37300177619886,3643.717709720371,3456,"Stairs"
"STR_S2_124.JPG",514.4500665778961,1460.9733570159856,2637.443408788282,2627.296625222025,"Stairs"
"STR_S2_121.JPG",1766.157123834886,687.5168738898757,3706.0346205059914,3456,"Stairs"
"STR_S2_129.JPG",944.9161118508653,497.2220248667851,3306.2476697736347,3456,"Stairs"
"STR_S2_125.JPG",1177.1185086551263,1399.587921847247,3055.6378162450064,2866.6998223801065,"Stairs"
"STR_S2_128.JPG",962.3648468708388,1945.9182948490231,3864.6071904127825,3455.999999999999,"Stairs"
"STR_S2_127.JPG",1017.5872170439413,2080.9662522202484,3201.938748335552,2713.236234458259,"Stairs"
"STR_S2_126.JPG",895.8295605858855,853.2575488454706,2833.7896138482015,3314.8134991119005,"Stairs"
"STR_S2_132.JPG",177.9387483355526,1418.0035523978686,2233.4380825565913,3456,"Stairs"
"STR_S2_130.JPG",736.2982689747001,18.41563055062167,3465.77896138482,3284.120781527531,"Stairs"
"STR_S2_133.JPG",943.9573901464712,6.13854351687389,3790.9773635153115,3382.3374777975127,"Stairs"
"STR_S2_131.JPG",612.6231691078561,1712.6536412078153,4060.953395472702,3456,"Stairs"
"STR_S2_13.jpg",702.6231691078561,737.0515097690942,4136.977363515313,2953.747779751332,"Stairs"
"STR_S2_137.JPG",404.0053262316911,6.138543516874588,2969.736351531291,3456,"Stairs"
"STR_S2_136.JPG",0,0,1883.6964047936085,3456,"Stairs"
"STR_S2_138.JPG",324.23968042609846,0,3680.532623169107,1933.6412078152753,"Stairs"
"STR_S2_135.JPG",704.6604527296935,300.78863232682056,3245.848202396804,3290.259325044405,"Stairs"
"STR_S2_134.JPG",245.43275632490008,0,3539.4087882822896,2762.3445825932504,"Stairs"
"STR_S2_140.JPG",655.5739014647137,190.29484902309053,4104.8628495339535,2909.669626998223,"Stairs"
"STR_S2_139.JPG",0,693.6554174067495,4600.9054593874835,3388.4760213143873,"Stairs"
"STR_S2_14.jpg",454.22103861517974,1075.0976909413855,2719.7869507323567,3120,"Stairs"
"STR_S2_142.JPG",1710.9347536617843,607.7158081705151,3686.6684420772303,3456,"Stairs"
"STR_S2_143.JPG",1017.5872170439413,6.13854351687389,3876.878828229027,3413.030195381883,"Stairs"
"STR_S2_148.JPG",644.2609853528628,1798.5932504440498,2656.8095872170434,3419.1687388987566,"Stairs"
"STR_S2_145.JPG",0,276.23445825932504,3428.964047936085,3192.0426287744226,"Stairs"
"STR_S2_144.JPG",527.6804260985351,104.35523978685613,3876.878828229026,3112.241563055062,"Stairs"
"STR_S2_146.JPG",0,976.0284191829485,3577.1824234354194,3394.6145648312613,"Stairs"
"STR_S2_147.JPG",0,0,2153.6724367509987,3456,"Stairs"
"STR_S2_150.JPG",717.8908122503328,1233.8472468916518,3405.379494007989,3388.4760213143863,"Stairs"
"STR_S2_154.JPG",294.51930758988016,1424.1420959147424,3043.3661784287615,3425.3072824156307,"Stairs"
"STR_S2_149.JPG",589.0386151797603,1362.7566607460033,3546.503328894806,3136.7957371225575,"Stairs"
"STR_S2_151.JPG",305.832223701731,2019.5808170515097,3275.5685752330223,3425.3072824156307,"Stairs"
"STR_S2_15.jpg",309.33422103861517,1197.0159857904086,3882.1704394141143,2787.4955595026645,"Stairs"
"STR_S2_156.JPG",1263.9786950732357,79.80106571936125,4269.571238348868,3456,"Stairs"
"STR_S2_158.JPG",0,0,3528.095872170439,3456,"Stairs"
"STR_S2_157.JPG",736.2982689747004,24.55417406749556,3545.5446071904125,3413.030195381883,"Stairs"
"STR_S2_155.JPG",1993.1824234354194,12.27708703374778,4141.67776298269,3302.536412078152,"Stairs"
"STR_S2_159.JPG",724.0266311584553,36.83126110124334,4430.061251664447,3277.982238010657,"Stairs"
"STR_S2_16.jpg",0,1463.0195381882772,1533.515312916112,2964.8312611012434,"Stairs"
"STR_S2_16.jpg",2192.689747003995,1474.1030195381884,3278.388814913449,3042.415630550622,"Stairs"
"STR_S2_162.JPG",1091.2170439414115,767.3179396092362,4588.6338215712385,3370.060390763765,"Stairs"
"STR_S2_160.JPG",0,503.360568383659,3466.737683089214,3277.982238010657,"Stairs"
"STR_S2_163.JPG",986.9081225033289,18.41563055062167,4582.498002663116,3443.7229129662524,"Stairs"
"STR_S2_161.JPG",49.08655126498001,263.9573712255773,3116.996005326231,3449.8614564831264,"Stairs"
"STR_S2_167.JPG",1152.5752330226364,859.3960923623446,3386.972037283622,3290.2593250444042,"Stairs"
"STR_S2_164.JPG",0,632.2699822380107,4588.633821571238,3382.337477797513,"Stairs"
"STR_S2_168.JPG",772.1544607190411,0,3698.9400798934753,2449.2788632326815,"Stairs"
"STR_S2_166.JPG",1784.5645805592542,92.07815275310834,4000.553928095872,2995.6092362344584,"Stairs"
"STR_S2_165.JPG",1447.0945406125163,73.66252220248668,3852.335552596537,3142.934280639431,"Stairs"
"STR_S2_171.JPG",0,638.4085257548844,2515.685752330226,3333.229129662522,"Stairs"
"STR_S2_169.JPG",1730.3009320905462,0,4608,3419.1687388987566,"Stairs"
"STR_S2_17.jpg",0,886.6785079928952,1533.515312916112,3053.4991119005326,"Stairs"
"STR_S2_17.jpg",2127.0838881491345,1019.6802841918295,3156.524633821571,3108.9165186500886,"Stairs"
"STR_S2_170.JPG",0,466.52930728241563,1957.3262316910784,3456,"Stairs"
"STR_S2_172.JPG",1300.7936085219703,828.7033747779751,3828.7509986684418,3179.765541740675,"Stairs"
"STR_S2_173.JPG",0,0,2215.0306258322234,3455.999999999999,"Stairs"
"STR_S2_175.JPG",72.67110519307589,24.55417406749556,2221.1664447403464,3456,"Stairs"
"STR_S2_177.JPG",1919.5525965379493,429.6980461811723,4588.6338215712385,3425.3072824156307,"Stairs"
"STR_S2_174.JPG",195.38748335552594,0,3620.1331557922767,3210.4582593250443,"Stairs"
"STR_S2_176.JPG",109.48601864181083,0,3405.3794940079893,3456,"Stairs"
"STR_S2_180.JPG",962.3648468708388,1454.834813499112,4608,3456,"Stairs"
"STR_S2_178.JPG",0,1092.6607460035523,2023.8615179760318,3357.783303730018,"Stairs"
"STR_S2_179.JPG",141.12383488681758,1233.8472468916518,3018.8229027962707,3204.3197158081703,"Stairs"
"STR_S2_18.jpg",88.62849533954727,853.4280639431616,4065.832223701731,3025.790408525755,"Stairs"
"STR_S2_181.JPG",60.39946737683089,448.1136767317939,1902.103861517976,3456,"Stairs"
"STR_S2_186.JPG",84.9427430093209,1049.690941385435,4067.0892143808255,3406.891651865009,"Stairs"
"STR_S2_184.JPG",324.2396804260984,546.3303730017761,2705.8961384820236,3130.6571936056835,"Stairs"
"STR_S2_182.JPG",2079.0838881491345,165.740674955595,4608,3357.7833037300175,"Stairs"
"STR_S2_185.JPG",287.4247669773635,595.4387211367673,4116.175765645805,3179.765541740675,"Stairs"
"STR_S2_183.JPG",784.4260985352862,417.4209591474245,3319.478029294274,2731.651865008881,"Stairs"
"STR_S2_189.JPG",67.49400798934754,239.4031971580817,3767.392809587217,3456,"Stairs"
"STR_S2_190.JPG",0,0,3166.0825565912114,3363.9218472468915,"Stairs"
"STR_S2_191.JPG",428.5486018641811,73.66252220248668,4011.866844207723,3314.8134991119005,"Stairs"
"STR_S2_19.jpg",514.7630331753553,51.72291296625222,3050.687203791469,4108.277087033746,"Stairs"
"STR_S2_187.JPG",103.35019973368841,1301.3712255772646,4324.793608521969,3456,"Stairs"
"STR_S2_196.JPG",1502.316910785619,939.1971580817051,4177.5339547270305,3425.3072824156307,"Stairs"
"STR_S2_192.JPG",1201.6617842876165,233.26465364120781,3711.21171770972,3130.6571936056835,"Stairs"
"STR_S2_194.JPG",692.3888149134486,0,3754.162450066577,3388.4760213143873,"Stairs"
"STR_S2_193.JPG",773.1131824234353,0,3201.9387483355517,2479.9715808170513,"Stairs"
"STR_S2_195.JPG",36.81491344873502,343.75843694493784,4361.608521970706,3425.3072824156307,"Stairs"
"STR_S2_20.jpg",832.6777251184834,1130.5150976909413,2888.03317535545,3879.2184724689164,"Stairs"
"STR_S2_2.jpg",399.2417061611374,1197.0159857904082,3035.900473933649,3945.7193605683833,"Stairs"
"STR_S2_197.JPG",618.7589880159786,871.6731793960923,4189.805592543275,3456,"Stairs"
"STR_S2_22.jpg",1174.3275632490013,665.0088809946715,2973.728362183755,2914.955595026643,"Stairs"
"STR_S2_21.jpg",1118.9347536617843,537.5488454706929,3344.860186418109,2333.072824156306,"Stairs"
"STR_S2_23.jpg",1073.7549933422104,792.4689165186501,3251.5579227696408,2926.0390763765545,"Stairs"
"STR_S2_26.jpg",0,1300.461811722913,3021.113744075829,4160,"Stairs"
"STR_S2_25.jpg",633.0568720379147,1197.0159857904089,2644.052132701421,4160,"Stairs"
"STR_S2_27.jpg",0,1773.3570159857904,2639.4312796208533,4137.833037300175,"Stairs"
"STR_S2_24.jpg",19.40758293838862,1145.2930728241563,3102.4407582938384,3879.2184724689164,"Stairs"
"STR_S2_31.jpg",250.87906865426697,940.1776198934281,1305.3582809080965,2384.632326820604,"Stairs"
"STR_S2_28.jpg",381.6824644549763,1788.1349911190052,3087.654028436019,3901.3854351687387,"Stairs"
"STR_S2_29.jpg",1339.6404793608522,1512.8952042628775,3804.6205059920107,3081.207815275311,"Stairs"
"STR_S2_30.jpg",105.24633821571238,465.5062166962701,3887.7097203728363,2970.3730017761995,"Stairs"
"STR_S2_3.jpg",440.82938388625587,317.72646536412077,2932.39336492891,3923.5523978685605,"Stairs"
"STR_S2_32.jpg",436.7516447368421,994.6358792184725,1346.751644736842,2022.4262877442275,"Stairs"
"STR_S2_36.jpg",625.0732356857524,22.16696269982238,2708.7083888149136,3120,"Stairs"
"STR_S2_35.jpg",566.5165876777252,1669.911190053286,3065.473933649289,4130.44404973357,"Stairs"
"STR_S2_33.jpg",458.90829694323145,953.1793960923624,1393.0318640829694,4100.888099467139,"Stairs"
"STR_S2_34.jpg",182.0616113744076,716.7317939609236,3109.834123222749,4071.332149200711,"Stairs"
"STR_S2_39.jpg",1284.2476697736352,1418.6856127886324,3378.0958721704396,2992.5399644760214,"Stairs"
"STR_S2_38.jpg",968.508655126498,243.8365896980462,3577.5099866844207,3120.0000000000005,"Stairs"
"STR_S2_37.jpg",0,0,1866.7376830892144,3120,"Stairs"
"STR_S2_40.jpg",974.0479360852197,1474.1030195381884,3583.0492676431422,2017.1936056838367,"Stairs"
"STR_S2_4.jpg",596.0900473933649,1559.076376554174,2910.21327014218,4078.721136767318,"Stairs"
"STR_S2_44.jpg",1361.797603195739,2100.3197158081707,3389.1744340878827,3020.2486678507994,"Stairs"
"STR_S2_42.jpg",991.5312916111851,798.0106571936058,3544.2743009320907,3053.499111900533,"Stairs"
"STR_S2_41.jpg",802.3302263648469,1252.4333925399646,3988.2822902796274,2970.373001776199,"Stairs"
"STR_S2_45.jpg",12.014218009478673,1832.46891651865,3117.2274881516587,4086.1101243339253,"Stairs"
"STR_S2_43.jpg",541.9840213049267,836.8028419182949,3693.8348868175763,3059.0408525754883,"Stairs"
"STR_S2_47.jpg",514.7630331753554,2172.3623445825933,3095.0473933649287,4019.609236234458,"Stairs"
"STR_S2_48.jpg",485.18957345971563,2187.140319715808,3117.2274881516587,3214.209591474245,"Stairs"
"STR_S2_49.jpg",965.7582938388625,761.0657193605683,2030.4028436018957,2497.477797513321,"Stairs"
"STR_S2_120.JPG",661.709720372836,0,4608,3456,"Stairs"
"STR_S2_46.jpg",768.9099526066351,2039.3605683836586,3102.440758293839,4160,"Stairs"
"STR_S2_52.jpg",1224.5260663507106,29.55595026642984,3117.2274881516582,3664.9378330373,"Stairs"
"STR_S2_51.jpg",1446.3270142180095,635.4529307282415,3120,3627.992895204263,"Stairs"
"STR_S2_50.jpg",1320.63981042654,325.1154529307282,2890.8056872037914,2881.7051509769094,"Stairs"
"STR_S2_153.JPG",177.93874833555256,1325.92539964476,4557.954727030625,3456,"Stairs"
"STR_S2_5.jpg",0,0,3095.0473933649287,4078.7211367673176,"Stairs"
"STR_S2_55.jpg",0,347.2824156305506,2503.5781990521327,4152.611012433393,"Stairs"
"STR_S2_53.jpg",773.5308056872038,273.392539964476,3120,4034.387211367671,"Stairs"
"STR_S2_57.jpg",0,273.392539964476,3102.4407582938384,3938.330373001775,"Stairs"
"STR_S2_54.jpg",85.9478672985782,339.89342806394313,3087.6540284360185,4078.721136767317,"Stairs"
"STR_S2_56.jpg",189.45497630331752,133.00177619893427,3109.8341232227476,4093.4991119005317,"Stairs"
"STR_S2_61.jpg",4.673768308921439,703.8010657193606,4148.055925432756,2743.1616341030194,"Stairs"
"STR_S2_58.jpg",0,746.2877442273534,3087.654028436019,4108.277087033746,"Stairs"
"STR_S2_60.jpg",140.4739336492891,1610.7992895204263,3105.21327014218,4160,"Stairs"
"STR_S2_59.jpg",174.66824644549763,1330.0177619893427,3117.2274881516587,4078.721136767318,"Stairs"
"STR_S2_6.jpg",477.7962085308056,990.1243339253996,2754.952606635071,2726.5364120781524,"Stairs"
"STR_S2_65.jpg",1040.51930758988,0,3865.5525965379493,3120,"Stairs"
"STR_S2_66.jpg",968.508655126498,759.2184724689165,3029.121171770972,3009.165186500888,"Stairs"
"STR_S2_64.jpg",1622.1438082556592,138.54351687388996,4160,2571.367673179396,"Stairs"
"STR_S2_62.jpg",0,958.721136767318,3505.4993342210387,3014.7069271758437,"Stairs"
"STR_S2_63.jpg",758.8814913448736,293.71225577264653,4148.055925432756,3020.2486678507994,"Stairs"
"STR_S2_67.jpg",907.5765645805593,1141.5985790408527,4059.4274300932093,2177.904085257549,"Stairs"
"STR_S2_69.jpg",310.19973368841545,931.0124333925401,3909.8668442077233,3036.8738898756665,"Stairs"
"STR_S2_70.jpg",292.71637816245004,1008.5968028419184,4131.438082556591,3025.790408525755,"Stairs"
"STR_S2_68.jpg",686.0053262316911,310.3374777975133,3849.8002663115844,2394.031971580817,"Stairs"
"STR_S2_7.jpg",207.01421800947867,118.22380106571936,2784.5260663507106,1773.3570159857902,"Stairs"
"STR_S2_71.jpg",337.0306258322237,1241.3499111900535,3976.3382157123833,3081.207815275311,"Stairs"
"STR_S2_73.jpg",276.9640479360852,1307.8507992895204,4070.5059920106523,3064.582593250444,"Stairs"
"STR_S2_75.jpg",625.0732356857524,1828.7744227353464,4037.2703062583223,3009.165186500888,"Stairs"
"STR_S2_72.jpg",508.74833555259653,1185.9325044404975,4043.675099866844,3120,"Stairs"
"STR_S2_74.jpg",271.4247669773635,1457.4777975133215,3760.306258322237,3103.3747779751334,"Stairs"
"STR_S2_76.jpg",320.4127829560586,1352.1847246891653,4103.741677762982,3003.6234458259323,"Stairs"
"STR_S2_79.jpg",167.27488151658764,0,2969.36018957346,3576.26998223801,"Stairs"
"STR_S2_8.jpg",1645.947867298578,2135.417406749556,3072.8672985781986,3997.442273534636,"Stairs"
"STR_S2_78.jpg",258.76777251184836,0,2939.78672985782,2512.255772646536,"Stairs"
"STR_S2_77.jpg",159.77363515312916,1163.765541740675,3860.0133155792278,3070.1243339253997,"Stairs"
"STR_S2_82.jpg",44.360189573459714,0,3050.6872037914686,4026.998223801065,"Stairs"
"STR_S2_83.jpg",130.30805687203792,0,3102.4407582938384,3953.108348134991,"Stairs"
"STR_S2_80.jpg",618.2701421800948,517.2291296625222,2969.3601895734596,3797.9396092362344,"Stairs"
"STR_S2_81.jpg",754.2192357512953,78.03730017761991,2684.188147668394,2726.103019538188,"Stairs"
"STR_S2_84.jpg",0,0,2821.49289099526,3657.5488454706924,"Stairs"
"STR_S2_89.jpg",0,1300.461811722913,3095.0473933649287,3561.4920071047954,"Stairs"
"STR_S2_87.jpg",4.620853080568719,73.8898756660746,3119.9999999999995,4159.999999999999,"Stairs"
"STR_S2_88.jpg",16.617842876165113,0,3516.577896138482,3081.207815275311,"Stairs"
"STR_S2_86.jpg",0,0,3109.834123222749,3871.829484902308,"Stairs"
"STR_S2_85.jpg",0,0,3117.2274881516582,3975.2753108348124,"Stairs"
"STR_S2_90.jpg",184.83412322274881,2039.3605683836588,3119.9999999999995,3849.662522202485,"Stairs"
"STR_S2_93.jpg",0,1854.635879218472,2082.1563981042655,3472.8241563055053,"Stairs"
"STR_S2_9.jpg",0,1884.1918294849022,2437.037914691943,3687.104795737122,"Stairs"
"STR_S2_91.jpg",0,2408.809946714032,2791.9194312796208,4004.8312611012434,"Stairs"
"STR_S2_92.jpg",0,1588.6323268206036,2481.3981042654023,2829.982238010657,"Stairs"
"STR_S2_94.jpg",181.29383358098065,78.96447602131438,2021.0382615156018,1913.948490230906,"Stairs"
"STR_S2_95.jpg",0,103.28596802841918,2323.494752269289,2045.0621669626998,"Stairs"
"STR_S2_96.jpg",108.33090909090915,62.71875,2421.7200000000003,1338,"Stairs"
"STR_S2_97.jpg",813.4087882822903,1280.1420959147424,3494.420772303595,2593.5346358792185,"Stairs"
"STR_S2_98.jpg",1516.8974700399467,964.2628774422736,4031.7310252996003,2942.664298401421,"Stairs"
"STR_S2_99.jpg",1106.2322274881517,1522.1314387211366,3117.2274881516587,3975.2753108348134,"Stairs"
"STR_S3_10.JPG",119.77251184834122,0,3452.9289099526063,4427.936056838365,"Stairs"
"STR_S3_100.JPG",602.9573459715639,1023.0905861456483,3035.260663507109,4231.502664298401,"Stairs"
"STR_S3_1.JPG",209.85781990521326,826.6571936056838,3338.2748815165874,3658.5719360568382,"Stairs"
"STR_S3_101.JPG",180.17061611374393,703.8863232682061,3382.2938388625585,3609.463587921847,"Stairs"
"STR_S3_106.JPG",103.39336492890995,1145.8614564831262,3444.7393364928903,4608,"Stairs"
"STR_S3_103.JPG",0,1170.4156305506217,2981.004739336492,3838.6358792184724,"Stairs"
"STR_S3_102.JPG",136.1516587677725,1006.721136767318,3297.327014218009,3879.5595026642986,"Stairs"
"STR_S3_104.JPG",37.87677725118483,924.873889875666,3390.4834123222745,4550.706927175844,"Stairs"
"STR_S3_105.JPG",865.0236966824643,908.5044404973357,2658.5402843601896,4485.229129662523,"Stairs"
"STR_S3_108.JPG",723.0679094540612,497.2220248667851,3606.9027962716373,2854.422735346359,"Stairs"
"STR_S3_110.JPG",177.0995260663507,1268.6323268206038,3452.9289099526063,3969.5914742451155,"Stairs"
"STR_S3_107.JPG",258.9952606635071,1194.9698046181172,3141.725118483412,4460.674955595026,"Stairs"
"STR_S3_11.JPG",78.82464454976301,0,3411.9810426540275,4501.598579040852,"Stairs"
"STR_S3_109.JPG",49.137440758293835,1342.2948490230908,3117.1563981042646,3912.2984014209596,"Stairs"
"STR_S3_114.JPG",1202.227862849534,69.52575488454707,3228.4395805592544,2492.2309058614564,"Stairs"
"STR_S3_111.JPG",0,1489.619893428064,2969.7440758293837,4272.426287744227,"Stairs"
"STR_S3_113.JPG",1256.8841544607187,0,3293.9760319573898,2277.399644760213,"Stairs"
"STR_S3_112.JPG",526.7217043941412,0,3576.2237017310254,3210.4582593250443,"Stairs"
"STR_S3_115.JPG",1211.5773135818908,487.5666074600355,3290.5972869507323,2974.1563055062165,"Stairs"
"STR_S3_117.JPG",0,26.127886323268207,2266.594460227273,2586.6607460035525,"Stairs"
"STR_S3_118.JPG",151.6444833625219,511.08703374777974,2499.413501532399,2622.8312611012425,"Stairs"
"STR_S3_119.JPG",252.2892441860465,483.18650088809943,2072.68280411449,2316.4529307282414,"Stairs"
"STR_S3_116.JPG",2299.9733688415445,319.20426287744226,3944.3728362183756,2682.5435168738895,"Stairs"
"STR_S3_12.JPG",455.54502369668245,0,3321.895734597156,3429.399644760213,"Stairs"
"STR_S3_122.JPG",1852.6430592543275,495.87921847246895,3109.6483854860185,2479.396092362345,"Stairs"
"STR_S3_123.JPG",720.4860034119107,318.5346358792185,1646.7266982009926,2234.64298401421,"Stairs"
"STR_S3_120.JPG",827.8238660117057,525.3854351687389,2239.7051369147157,2298.5612788632325,"Stairs"
"STR_S3_121.JPG",1641.793774966711,526.3854351687388,2899.9828561917443,2265.7460035523977,"Stairs"
"STR_S3_13.JPG",242.61611374407582,0,3428.3601895734596,3011.9786856127885,"Stairs"
"STR_S3_18.JPG",25.896993483412324,1266.9893428063945,2965.316424763033,3461.216696269982,"Stairs"
"STR_S3_17.JPG",37.87677725118483,1792.4547069271757,3420.1706161137436,3830.451154529307,"Stairs"
"STR_S3_14.JPG",0,0,3452.9289099526063,2447.2326820603907,"Stairs"
"STR_S3_15.JPG",87.01421800947867,0,3362.843601895734,2660.0355239786854,"Stairs"
"STR_S3_16.JPG",1281.427430093209,0,3263.296937416778,2983.3321492007103,"Stairs"
"STR_S3_19.JPG",1183.254327563249,859.3960923623446,4110.039946737683,3136.7957371225575,"Stairs"
"STR_S3_20.JPG",219.93075898801595,785.7335701598579,4570.226364846871,3093.82593250444,"Stairs"
"STR_S3_2.JPG",218.0473933649289,1219.5239786856127,3403.7914691943124,4395.197158081704,"Stairs"
"STR_S3_21.JPG",471.49933422103857,1614.436944937833,4398.4234354194405,3413.0301953818825,"Stairs"
"STR_S3_22.JPG",406.40758293838854,302.83481349911193,3305.516587677725,3928.6678507992897,"Stairs"
"STR_S3_25.JPG",1342.785619174434,626.1314387211368,3251.0252996005324,2694.8206039076376,"Stairs"
"STR_S3_26.JPG",526.721704394141,460.39076376554175,2895.147802929427,3142.934280639431,"Stairs"
"STR_S3_27.JPG",1876.6018641810917,503.360568383659,3760.2982689747005,3382.337477797513,"Stairs"
"STR_S3_23.JPG",766.7488151658767,671.1474245115453,2871.469194312796,3634.017761989343,"Stairs"
"STR_S3_24.JPG",955.1090047393365,1023.0905861456483,2814.1421800947865,3322.9982238010653,"Stairs"
"STR_S3_28.JPG",1520.7243675099867,595.4387211367673,3116.0372836218376,3382.337477797513,"Stairs"
"STR_S3_3.JPG",13.308056872037913,1767.9005328596802,3248.1895734597156,4452.490230905862,"Stairs"
"STR_S3_29.JPG",741.4753661784288,509.49911190053285,3680.532623169108,3419.1687388987566,"Stairs"
"STR_S3_31.JPG",152.53080568720378,982.1669626998223,3411.981042654028,4526.152753108348,"Stairs"
"STR_S3_30.JPG",459.2276964047935,503.360568383659,4410.695073235685,3388.4760213143873,"Stairs"
"STR_S3_35.JPG",553.8199052132701,2185.3214920071046,2969.7440758293833,4550.706927175843,"Stairs"
"STR_S3_33.JPG",0,1080.3836589698046,3436.549763033175,4387.01243339254,"Stairs"
"STR_S3_34.JPG",0,589.3001776198935,4600.9054593874835,3357.783303730018,"Stairs"
"STR_S3_32.JPG",0,728.4404973357016,3420.1706161137436,4403.38188277087,"Stairs"
"STR_S3_36.JPG",0,1686.0532859680284,3403.791469194312,4608,"Stairs"
"STR_S3_40.JPG",232.20239680426099,577.0230905861456,4429.102529960052,3192.042628774423,"Stairs"
"STR_S3_39.JPG",0,798.0106571936057,4607.999999999999,3388.4760213143873,"Stairs"
"STR_S3_4.JPG",521.0616113744074,1931.595026642984,2912.4170616113743,4370.64298401421,"Stairs"
"STR_S3_37.JPG",144.34123222748815,392.86678507992895,3297.3270142180086,4141.470692717585,"Stairs"
"STR_S3_38.JPG",0,1080.3836589698046,3455.999999999999,4517.968028419183,"Stairs"
"STR_S3_43.JPG",588.079893475366,1485.5275310834813,4097.768308921438,2823.730017761989,"Stairs"
"STR_S3_41.JPG",0,472.6678507992895,3772.5699067909445,3400.753108348135,"Stairs"
"STR_S3_45.JPG",201.66824644549726,441.97513321492005,2961.554502369665,3912.2984014209587,"Stairs"
"STR_S3_42.JPG",523.8814913448736,99.82238010657193,2084.9236018641814,2435.666074600355,"Stairs"
"STR_S3_44.JPG",306.7909454061251,1368.8952042628773,4479.147802929428,3247.2895204262873,"Stairs"
"STR_S3_49.JPG",0,472.6678507992895,4183.6697736351525,3376.1989342806396,"Stairs"
"STR_S3_5.JPG",0,2136.2131438721135,3371.03317535545,4419.751332149201,"Stairs"
"STR_S3_48.JPG",379.46205059920106,153.46358792184725,4110.039946737682,3345.50621669627,"Stairs"
"STR_S3_47.JPG",226.23696682464453,409.23623445825933,3305.516587677725,4591.63055062167,"Stairs"
"STR_S3_46.JPG",193.47867298578194,466.52930728241563,3272.7582938388623,4141.470692717585,"Stairs"
"STR_S3_51.JPG",24.543275632490012,153.46358792184725,4431.019973368841,3456,"Stairs"
"STR_S3_54.JPG",168.90995260663502,687.5168738898757,2584.834123222748,3494.8774422735346,"Stairs"
"STR_S3_52.JPG",79.76564580559254,681.3783303730017,4608,3456,"Stairs"
"STR_S3_53.JPG",480.1137440758293,188.24866785079928,3403.791469194312,3658.5719360568382,"Stairs"
"STR_S3_50.JPG",0,208.71047957371226,4177.5339547270305,3302.536412078153,"Stairs"
"STR_S3_58.JPG",729.2037283621837,399.0053285968028,2453.3688415446068,2412.4476021314385,"Stairs"
"STR_S3_57.JPG",704.6604527296937,607.7158081705151,2557.6777629826897,2590.4653641207815,"Stairs"
"STR_S3_59.JPG",0,1047.6447602131439,2027.9431279620849,3519.431616341031,"Stairs"
"STR_S3_56.JPG",955.1090047393365,1023.0905861456483,2576.644549763033,3036.532859680284,"Stairs"
"STR_S3_55.JPG",504.6824644549762,949.4280639431616,2415.9241706161133,3151.119005328597,"Stairs"
"STR_S3_62.JPG",0,1072.1989342806394,3420.1706161137436,4501.598579040852,"Stairs"
"STR_S3_61.JPG",234.42654028436016,1137.676731793961,3084.3981042654027,4362.458259325044,"Stairs"
"STR_S3_60.JPG",209.85781990521326,1154.0461811722912,2674.9194312796203,4477.044404973357,"Stairs"
"STR_S3_6.JPG",0,2381.754884547069,3428.3601895734596,4558.891651865009,"Stairs"
"STR_S3_63.JPG",0,1776.0852575488454,2142.5971563981043,3175.6731793960926,"Stairs"
"STR_S3_67.JPG",1520.7243675099867,171.87921847246892,3804.207723035952,2725.5133214920065,"Stairs"
"STR_S3_65.JPG",0,1604.2060390763766,3420.170616113743,3322.9982238010657,"Stairs"
"STR_S3_68.JPG",1373.7208721704394,325.417406749556,3195.019973368842,2325.1598579040856,"Stairs"
"STR_S3_64.JPG",0,2046.1811722912967,2904.2274881516587,2856.46891651865,"Stairs"
"STR_S3_66.JPG",575.8082556591211,1117.2149200710478,4441.374167776298,2676.4049733570155,"Stairs"
"STR_S3_69.JPG",1118.704394141145,469.8383658969804,2866.6800099866837,2383.0976909413853,"Stairs"
"STR_S3_72.JPG",1250.7483355525965,386.72824156305506,3257.161118508655,2529.079928952043,"Stairs"
"STR_S3_7.JPG",21.497630331753548,0,3452.9289099526063,3085.6412078152753,"Stairs"
"STR_S3_70.JPG",1170.8655126498002,441.04795737122566,2980.9370838881487,2390.195381882772,"Stairs"
"STR_S3_71.JPG",876.4633821571238,491.08348134991115,2661.9866844207722,2486.1101243339253,"Stairs"
"STR_S3_73.JPG",962.3648468708388,417.4209591474245,3379.877496671105,2958.777975133215,"Stairs"
"STR_S3_76.JPG",287.4247669773635,61.385435168738894,4515.003994673768,3302.5364120781524,"Stairs"
"STR_S3_75.JPG",803.7922769640479,49.10834813499112,3902.3808255659114,3112.241563055062,"Stairs"
"STR_S3_77.JPG",115.62183754993342,263.9573712255773,4594.769640479361,3265.7051509769094,"Stairs"
"STR_S3_74.JPG",1029.8588548601863,178.0177619893428,3772.5699067909454,3228.873889875666,"Stairs"
"STR_S3_81.JPG",774.9383886255922,859.3960923623446,2936.985781990521,4002.330373001776,"Stairs"
"STR_S3_79.JPG",21.49763033175355,1260.4476021314388,3428.360189573459,4493.413854351687,"Stairs"
"STR_S3_78.JPG",0,491.08348134991115,4594.76964047936,3413.0301953818825,"Stairs"
"STR_S3_80.JPG",643.905213270142,0,2920.60663507109,3126.564831261101,"Stairs"
"STR_S3_8.JPG",0,0,3452.928909952606,4190.579040852575,"Stairs"
"STR_S3_84.JPG",619.3364928909953,302.8348134991119,3420.1706161137436,4157.840142095914,"Stairs"
"STR_S3_86.JPG",0,810.2877442273534,3428.3601895734596,4206.948490230906,"Stairs"
"STR_S3_83.JPG",1313.9607263513512,388.2682060390764,2926.663429054054,2843.3179396092364,"Stairs"
"STR_S3_85.JPG",0,523.8223801065719,2740.436018957346,4198.76376554174,"Stairs"
"STR_S3_82.JPG",836.220749407583,737.8312611012434,2563.768142772512,3359.639431616341,"Stairs"
"STR_S3_9.JPG",29.687203791469187,0,3444.7393364928907,4264.241563055062,"Stairs"
"STR_S3_89.JPG",270.2559241706161,728.4404973357016,3456,4591.6305506216695,"Stairs"
"STR_S3_87.JPG",1212.0568720379147,1162.2309058614564,3455.9999999999995,4599.815275310835,"Stairs"
"STR_S3_88.JPG",0,679.3321492007104,2658.540284360189,4485.229129662523,"Stairs"
"STR_S3_90.JPG",643.9052132701421,916.6891651865009,3444.7393364928907,4395.197158081705,"Stairs"
"STR_S3_95.JPG",876.4633821571238,767.3179396092362,3435.0998668442076,2486.1101243339253,"Stairs"
"STR_S3_94.JPG",391.73368841544607,1129.4920071047957,4011.866844207723,3142.9342806394316,"Stairs"
"STR_S3_93.JPG",0,1006.721136767318,3027.071090047393,4215.133214920071,"Stairs"
"STR_S3_92.JPG",0,466.52930728241563,3455.9999999999995,4346.088809946714,"Stairs"
"STR_S3_91.JPG",459.22769640479356,963.7513321492007,4281.842876165113,3265.7051509769094,"Stairs"
"STR_S3_99.JPG",627.5260663507106,57.293072824156305,3018.881516587677,4567.076376554174,"Stairs"
"STR_S3_97.JPG",668.473933649289,998.5364120781527,3411.981042654028,2586.3730017761986,"Stairs"
"STR_S3_96.JPG",578.388625592417,777.5488454706928,3144.796208530805,3102.0106571936058,"Stairs"
"STR_S3_98.JPG",602.9573459715639,0,3166.293838862559,3241.1509769094137,"Stairs"
"STR_S4_1.jpg",278.1753554502369,2113.2504440497332,2932.39336492891,3302.877442273534,"Stairs"
"STR_S4_101.jpg",0,1514.7424511545294,3087.654028436019,4041.7761989342807,"Stairs"
"STR_S4_102.jpg",409.9067909454061,592.9662522202484,4160,3120,"Stairs"
"STR_S4_100.jpg",4.62085308056872,724.1207815275311,3117.2274881516587,4056.5541740674953,"Stairs"
"STR_S4_103.jpg",0,1141.5985790408529,3799.081225033289,3108.9165186500895,"Stairs"
"STR_S4_10.jpg",12.014218009478673,1928.525754884547,3095.0473933649287,4108.277087033748,"Stairs"
"STR_S4_108.jpg",0,1601.563055062167,3954.181091877497,3120,"Stairs"
"STR_S4_106.jpg",4.673768308921439,781.3854351687389,3499.9600532623167,3120,"Stairs"
"STR_S4_107.jpg",87.762982689747,0,4114.820239680426,3059.040852575489,"Stairs"
"STR_S4_105.jpg",1422.7296937416777,604.0497335701599,4153.595206391477,3092.291296625222,"Stairs"
"STR_S4_104.jpg",14.786729857819905,982.7353463587922,3120,4130.44404973357,"Stairs"
"STR_S4_111.jpg",0,1330.0177619893427,3087.654028436019,4026.9982238010653,"Stairs"
"STR_S4_109.jpg",0,517.2291296625222,3080.2606635071083,4093.4991119005326,"Stairs"
"STR_S4_110.jpg",0,539.3960923623446,3109.834123222749,4034.387211367673,"Stairs"
"STR_S4_11.jpg",0,1736.412078152753,3109.834123222749,4123.055062166963,"Stairs"
"STR_S4_112.jpg",63.76777251184834,1344.7957371225577,3095.0473933649287,4078.721136767318,"Stairs"
"STR_S4_113.jpg",0,1381.740674955595,3028.5071090047395,4049.165186500888,"Stairs"
"STR_S4_115.jpg",0,103.44582593250443,3102.4407582938384,4071.3321492007103,"Stairs"
"STR_S4_114.jpg",0,1780.7460035523977,3109.834123222749,4100.88809946714,"Stairs"
"STR_S4_116.jpg",0,103.44582593250443,3095.0473933649287,4071.3321492007094,"Stairs"
"STR_S4_117.jpg",0,199.5026642984014,3102.4407582938384,4086.1101243339244,"Stairs"
"STR_S4_119.jpg",0,155.16873889875666,3102.4407582938384,3879.2184724689155,"Stairs"
"STR_S4_118.jpg",0,73.8898756660746,3072.867298578199,3997.4422735346357,"Stairs"
"STR_S4_120.jpg",0,66.50088809946713,3102.4407582938384,4034.387211367673,"Stairs"
"STR_S4_12.jpg",0,1736.412078152753,2281.7772511848343,4049.165186500888,"Stairs"
"STR_S4_121.jpg",0,0,4153.595206391478,3075.6660746003554,"Stairs"
"STR_S4_125.jpg",1594.4474034620507,421.17229129662525,4159.1344873502,3059.0408525754888,"Stairs"
"STR_S4_122.jpg",15.752330226364847,149.62699822380108,4148.055925432756,3009.165186500888,"Stairs"
"STR_S4_126.jpg",830.0266311584554,1252.4333925399646,4103.741677762982,3070.1243339253997,"Stairs"
"STR_S4_124.jpg",0,182.87744227353465,2663.5286284953395,3120,"Stairs"
"STR_S4_123.jpg",0,121.9182948490231,3123.288948069241,3097.8330373001777,"Stairs"
"STR_S4_127.jpg",0,0,4148.055925432756,3047.957371225578,"Stairs"
"STR_S4_128.jpg",565.0066577896139,0,3450.106524633821,3036.873889875666,"Stairs"
"STR_S4_13.jpg",34.19431279620852,1780.7460035523977,3117.2274881516582,4071.3321492007103,"Stairs"
"STR_S4_130.jpg",0,591.1190053285968,3109.834123222749,3494.9911190053285,"Stairs"
"STR_S4_129.jpg",0,465.50621669627,2769.739336492891,3302.877442273534,"Stairs"
"STR_S4_133.jpg",0,971.5950266429841,2743.2618483412316,2468.3765541740677,"Stairs"
"STR_S4_135.jpg",0,1536.9094138543517,2607.0853080568722,3361.989342806394,"Stairs"
"STR_S4_132.jpg",0,1248.7388987566608,3117.2274881516582,2719.147424511545,"Stairs"
"STR_S4_134.jpg",0,1075.3818827708703,2606.374407582938,3520,"Stairs"
"STR_S4_131.jpg",0,546.785079928952,3109.834123222749,3701.8827708703375,"Stairs"
"STR_S4_137.jpg",44.175183089214386,860.7708703374777,3651.133904793609,2028.600355239787,"Stairs"
"STR_S4_14.jpg",899.218009478673,1293.0728241563054,3058.0805687203792,4123.055062166963,"Stairs"
"STR_S4_138.jpg",145.0947867298578,51.72291296625222,3120,4160,"Stairs"
"STR_S4_139.jpg",724.780292942743,72.04262877442274,3511.03861517976,3120,"Stairs"
"STR_S4_136.jpg",0,984.0426287744226,2417.178033455393,2108.0568383658965,"Stairs"
"STR_S4_143.jpg",211.6350710900474,753.6767317939609,3109.834123222749,3967.886323268206,"Stairs"
"STR_S4_140.jpg",1012.8229027962716,731.5097690941386,3422.410119840213,3064.582593250444,"Stairs"
"STR_S4_141.jpg",1145.7656458055926,1108.348134991119,3992.956058588549,3053.4991119005326,"Stairs"
"STR_S4_144.jpg",0,701.9538188277087,3102.440758293839,3820.1065719360568,"Stairs"
"STR_S4_142.jpg",4.62085308056872,1440.8525754884547,3043.2938388625594,4130.44404973357,"Stairs"
"STR_S4_147.jpg",0,716.7317939609236,3102.440758293839,3820.1065719360568,"Stairs"
"STR_S4_148.jpg",1112.5299600532624,1385.435168738899,3693.8348868175763,3120,"Stairs"
"STR_S4_145.jpg",352.1090047393365,399.0053285968028,3109.8341232227485,4100.88809946714,"Stairs"
"STR_S4_149.jpg",1505.8189081225034,1379.8934280639432,4103.741677762983,3081.207815275311,"Stairs"
"STR_S4_146.jpg",0,716.731793960924,3120,4160,"Stairs"
"STR_S4_150.jpg",203.48418774966711,941.804618117229,2893.417609853528,2593.4422735346357,"Stairs"
"STR_S4_151.jpg",1346.045272969374,609.5914742451155,4159.999999999999,3097.8330373001777,"Stairs"
"STR_S4_152.jpg",835.4502369668246,960.5683836589698,3117.2274881516587,4100.88809946714,"Stairs"
"STR_S4_15.jpg",0,1551.6873889875662,2170.876777251184,3871.8294849023086,"Stairs"
"STR_S4_153.jpg",0,465.5062166962699,3109.8341232227485,3325.044404973357,"Stairs"
"STR_S4_158.jpg",1152.1704394141145,676.0923623445819,3156.524633821571,3120,"Stairs"
"STR_S4_155.jpg",619.5339547270306,243.8365896980462,2426.2050599201066,3075.6660746003554,"Stairs"
"STR_S4_154.jpg",0,458.1172291296625,3095.0473933649287,3627.992895204263,"Stairs"
"STR_S4_157.jpg",1284.2476697736352,692.7175843694495,3196.1651131824237,3114.458259325045,"Stairs"
"STR_S4_156.jpg",1683.075898801598,349.1296625222025,3899.65379494008,2942.664298401421,"Stairs"
"STR_S4_16.jpg",0,1307.8507992895204,3087.654028436019,3812.7175843694495,"Stairs"
"STR_S4_162.jpg",1406.1118508655127,676.0923623445826,4160,3114.4582593250443,"Stairs"
"STR_S4_159.jpg",1157.7097203728363,648.3836589698046,3489.747003994674,3120,"Stairs"
"STR_S4_161.jpg",1018.3621837549933,581.8827708703375,4153.595206391478,3047.9573712255774,"Stairs"
"STR_S4_160.jpg",885.4194407456724,626.2166962699823,3849.800266311585,3070.1243339254006,"Stairs"
"STR_S4_163.jpg",1511.358189081225,626.2166962699823,4160,3120,"Stairs"
"STR_S4_166.jpg",98.84154460719041,653.9253996447602,4098.202396804261,3075.6660746003554,"Stairs"
"STR_S4_167.jpg",0,1036.3055062166964,4092.6631158455393,3070.1243339253997,"Stairs"
"STR_S4_165.jpg",215.1664447403462,870.0532859680285,4148.055925432756,3047.9573712255774,"Stairs"
"STR_S4_164.jpg",0,714.8845470692718,3632.9027962716377,3120,"Stairs"
"STR_S4_17.jpg",0,1869.4138543516874,3072.867298578199,4019.6092362344584,"Stairs"
"STR_S4_171.jpg",0,1159.3001776198935,2683.666876481042,3548.355239786856,"Stairs"
"STR_S4_170.jpg",56.471267772511844,1230.1811722912967,2747.449940758294,3271.758436944938,"Stairs"
"STR_S4_169.jpg",8.163877369668596,1283.6980461811722,2594,2579.6802841918293,"Stairs"
"STR_S4_168.jpg",4.62085308056872,871.9005328596803,3120,3893.9964476021314,"Stairs"
"STR_S4_175.jpg",0,0,2654.218009478673,3531.9360568383654,"Stairs"
"STR_S4_176.jpg",321.76066350710903,396.83126110124334,2770.0512440758293,3537.271758436945,"Stairs"
"STR_S4_172.jpg",0,1490.5150976909415,2944.6235189573454,3655.3108348134992,"Stairs"
"STR_S4_173.jpg",0,1152.6820603907638,3072.867298578199,3864.4404973357014,"Stairs"
"STR_S4_174.jpg",0,1468.8472468916518,2360.456901658768,3597.705150976909,"Stairs"
"STR_S4_179.jpg",926.3735852197071,506.04618117229154,2963.5173934753666,2638,"Stairs"
"STR_S4_177.jpg",908.3076923076923,127.46003552397873,2520,2698.8277087033753,"Stairs"
"STR_S4_180.jpg",1306.404793608522,343.5879218472469,4148.921438082557,3120,"Stairs"
"STR_S4_178.jpg",1386.9351697736356,0,3304.3555259653804,2627.7868561278865,"Stairs"
"STR_S4_18.jpg",0,975.3463587921847,3095.0473933649287,4078.7211367673176,"Stairs"
"STR_S4_184.jpg",551.7298578199051,450.72824156305506,3117.2274881516582,4137.833037300177,"Stairs"
"STR_S4_183.jpg",22.180094786729857,605.8969804618117,1786.421800947867,4063.943161634103,"Stairs"
"STR_S4_181.jpg",1159.6324900133156,0,3230.0642060585888,2455,"Stairs"
"STR_S4_182.jpg",0,24.19182948490231,2521.6589158767774,3392.9040852575513,"Stairs"
"STR_S4_185.jpg",0,539.3960923623446,2976.7535545023698,3923.552397868561,"Stairs"
"STR_S4_188.jpg",0,540.4369449378331,2764.762308998302,2935.314387211368,"Stairs"
"STR_S4_19.jpg",145.09478672985776,960.5683836589698,3120,4160,"Stairs"
"STR_S4_192.jpg",0,945.5275310834813,2511,2378.685612788632,"Stairs"
"STR_S4_187.jpg",0,526.5701598579041,2442.4128406398104,3254.0852575488457,"Stairs"
"STR_S4_186.jpg",4.620853080568719,0,2814.0995260663503,3746.216696269982,"Stairs"
"STR_S4_194.jpg",220.09004660452734,686.2984014209592,2983.5094873502,2399.644760213144,"Stairs"
"STR_S4_195.jpg",409.0412782956059,903.3037300177621,3871.0918774966713,2892.788632326821,"Stairs"
"STR_S4_193.jpg",96.73647636484688,745.9413854351687,2898.8536534620507,2136.3055062166964,"Stairs"
"STR_S4_197.jpg",45.83205725699068,642.9058614564831,3538.7854527296936,2919,"Stairs"
"STR_S4_196.jpg",497.66977363515315,792.4689165186501,4131.438082556591,3120,"Stairs"
"STR_S4_2.jpg",85.9478672985782,1935.9147424511546,3102.4407582938384,3450.6571936056835,"Stairs"
"STR_S4_20.jpg",0,960.5683836589698,3006.3270142180095,4093.4991119005326,"Stairs"
"STR_S4_199.jpg",852.1837549933422,1069.5559502664298,4142.516644474034,2959.2895204262877,"Stairs"
"STR_S4_198.jpg",0,1145.2930728241563,3028.5071090047395,4019.609236234458,"Stairs"
"STR_S4_200.jpg",514.2876165113182,1097.2646536412078,3965.2596537949403,3120,"Stairs"
"STR_S4_205.jpg",273.5545023696682,177.335701598579,2747.5592417061607,3997.4422735346357,"Stairs"
"STR_S4_201.jpg",0,1086.1811722912967,4026.191744340879,3120,"Stairs"
"STR_S4_203.jpg",830.0266311584554,1396.51865008881,3815.6990679094542,3020.2486678507994,"Stairs"
"STR_S4_204.jpg",868.8015978695073,1413.1438721136767,3207.243675099867,3108.9165186500886,"Stairs"
"STR_S4_202.jpg",0,820.1776198934281,3992.956058588549,3120,"Stairs"
"STR_S4_209.jpg",0,1559.076376554174,2266.990521327014,4041.7761989342807,"Stairs"
"STR_S4_207.jpg",0,960.5683836589698,2343.696682464455,4160,"Stairs"
"STR_S4_208.jpg",147.867298578199,1477.797513321492,2621.8720379146916,4160,"Stairs"
"STR_S4_206.jpg",0,701.9538188277087,3112.60663507109,4145.2220248667845,"Stairs"
"STR_S4_21.jpg",0,1559.0763765541735,3120,4160,"Stairs"
"STR_S4_210.jpg",0,1662.522202486678,2779.905213270142,4160,"Stairs"
"STR_S4_211.jpg",0,1507.3534635879219,2976.7535545023698,4160,"Stairs"
"STR_S4_213.jpg",580.7589880159787,1307.8507992895204,3599.6671105193072,3031.332149200711,"Stairs"
"STR_S4_214.jpg",458.8948069241012,110.8348134991119,4148.055925432756,3042.4156305506217,"Stairs"
"STR_S4_212.jpg",0,2209.3072824156307,2821.49289099526,4049.165186500888,"Stairs"
"STR_S4_216.jpg",115.521327014218,1662.5222024866785,2895.4265402843603,3960.4973357015983,"Stairs"
"STR_S4_217.jpg",354.8815165876777,1167.460035523978,2865.85308056872,4100.88809946714,"Stairs"
"STR_S4_219.jpg",0,1115.7371225577265,3095.0473933649287,4056.5541740674953,"Stairs"
"STR_S4_215.jpg",0,605.8969804618117,3001.70616113744,3945.7193605683833,"Stairs"
"STR_S4_218.jpg",0,945.7904085257547,2998.933649289099,4160,"Stairs"
"STR_S4_220.jpg",0,1330.0177619893427,3095.0473933649287,4130.44404973357,"Stairs"
"STR_S4_22.jpg",0,2349.698046181172,3065.4739336492885,4160,"Stairs"
"STR_S4_222.jpg",918.6551264980027,1152.6820603907638,4114.820239680426,3053.499111900533,"Stairs"
"STR_S4_221.jpg",0,687.1758436944938,3344.860186418109,3120,"Stairs"
"STR_S4_23.jpg",0,2430.976909413854,3095.0473933649287,4130.44404973357,"Stairs"
"STR_S4_27.jpg",0,0,3065.4739336492885,3953.10834813499,"Stairs"
"STR_S4_28.jpg",115.521327014218,0,3119.9999999999995,4159.999999999999,"Stairs"
"STR_S4_24.jpg",0,2637.868561278863,3065.473933649289,4078.721136767318,"Stairs"
"STR_S4_25.jpg",100.73459715639811,1706.8561278863233,3120,4160,"Stairs"
"STR_S4_26.jpg",0,214.28063943161632,3119.9999999999986,4159.999999999997,"Stairs"
"STR_S4_31.jpg",0,0,3087.654028436019,3879.2184724689164,"Stairs"
"STR_S4_30.jpg",0,0,2984.1469194312795,3664.9378330372997,"Stairs"
"STR_S4_3.jpg",270.781990521327,2142.806394316163,2961.966824644549,3391.5452930728234,"Stairs"
"STR_S4_32.jpg",204.24170616113744,0,3120,3790.5506216696263,"Stairs"
"STR_S4_29.jpg",167.27488151658767,0,3117.2274881516587,3945.7193605683838,"Stairs"
"STR_S4_37.jpg",1506.6844207723036,210.58614564831262,4160,3120,"Stairs"
"STR_S4_33.jpg",26.80094786729858,0,2237.4170616113743,3753.6056838365894,"Stairs"
"STR_S4_34.jpg",0,0,3109.834123222749,2874.3161634103017,"Stairs"
"STR_S4_36.jpg",324.91344873502,105,3703.544690412783,2800,"Stairs"
"STR_S4_35.jpg",0,0,4125.898801597869,2732.0781527531085,"Stairs"
"STR_S4_4.jpg",263.38862559241704,2120.639431616341,3095.047393364929,3192.0426287744226,"Stairs"
"STR_S4_40.jpg",891.824644549763,435.95026642984016,3109.8341232227485,4145.2220248667845,"Stairs"
"STR_S4_38.jpg",648.1810918774967,35.46003552397869,3418.1424766977366,2735.4884547069273,"Stairs"
"STR_S4_39.jpg",887.2037914691944,472.89520426287726,3120,4159.999999999999,"Stairs"
"STR_S4_41.jpg",0,465.50621669627,2880.6398104265404,4086.110124333925,"Stairs"
"STR_S4_42.jpg",0,629.0248667850799,2400.365595379147,3179.749555950266,"Stairs"
"STR_S4_44.jpg",53.16595082938388,790.0532859680284,2605.9999999999995,3407.1047957371225,"Stairs"
"STR_S4_46.jpg",736.7243675099867,0,3538.7350199733687,3120,"Stairs"
"STR_S4_43.jpg",96.61537322274881,779.4991119005329,2578.6343305687205,2400.3623445825933,"Stairs"
"STR_S4_45.jpg",110.9004739336493,177.33570159857902,3035.9004739336483,4086.1101243339244,"Stairs"
"STR_S4_48.jpg",1019.2276964047936,266.0035523978686,4160,3120,"Stairs"
"STR_S4_47.jpg",459.7603195739015,321.4209591474245,3760.306258322237,3120,"Stairs"
"STR_S4_49.jpg",198.54860186418108,0,3078.974700399467,3081.207815275311,"Stairs"
"STR_S4_50.jpg",209.6271637816245,77.58436944937833,3499.9600532623167,3103.3747779751334,"Stairs"
"STR_S4_5.jpg",0,2364.4760213143873,3102.440758293839,3125.5417406749557,"Stairs"
"STR_S4_52.jpg",1373.7416777629828,38.792184724689164,4160,3120.0000000000005,"Stairs"
"STR_S4_51.jpg",1307.2703062583223,110.8348134991119,4160,2998.081705150977,"Stairs"
"STR_S4_53.jpg",0,637.3001776198935,4142.516644474034,3070.1243339253997,"Stairs"
"STR_S4_55.jpg",238.1890812250333,0,3750.093209054594,3120,"Stairs"
"STR_S4_54.jpg",276.09853528628497,1169.3072824156307,4059.427430093209,3042.415630550622,"Stairs"
"STR_S4_56.jpg",82.2237017310253,0,4120.359520639147,3064.582593250444,"Stairs"
"STR_S4_59.jpg",464.4340878828229,1086.1811722912967,4120.359520639147,3120,"Stairs"
"STR_S4_6.jpg",0,2386.6429840142096,2784.526066350711,3258.54351687389,"Stairs"
"STR_S4_57.jpg",0,0,4160,3120,"Stairs"
"STR_S4_58.jpg",0,0,4160,3120,"Stairs"
"STR_S4_60.jpg",0,343.5879218472469,2753.022636484687,3120,"Stairs"
"STR_S4_63.jpg",0,432.25577264653646,4131.438082556591,3047.9573712255774,"Stairs"
"STR_S4_61.jpg",1455.965379494008,1130.5150976909415,4160,3064.582593250444,"Stairs"
"STR_S4_62.jpg",0,0,2923.8748335552596,3020.2486678507994,"Stairs"
"STR_S4_64.jpg",0,0,4125.898801597869,3120,"Stairs"
"STR_S4_68.jpg",0,793.4067495559499,3357.9560585885483,2537.999999999999,"Stairs"
"STR_S4_69.jpg",50.825565912117156,1345.7904085257553,3520,2640,"Stairs"
"STR_S4_65.jpg",464.4340878828229,0,4160,3053.499111900533,"Stairs"
"STR_S4_66.jpg",0,581.8827708703375,4131.438082556591,3047.9573712255774,"Stairs"
"STR_S4_67.jpg",0,830.9200710479573,3483.4138856524637,2658,"Stairs"
"STR_S4_73.jpg",534.3480359520639,124.27353463587922,3588,2691,"Stairs"
"STR_S4_72.jpg",474.43304760319575,21.625222024866787,2886.241303262317,2387.424511545293,"Stairs"
"STR_S4_70.jpg",378.63473053892216,651.6903409090909,4065.34131736527,1599.1502339572191,"Stairs"
"STR_S4_71.jpg",1013.6884154460719,0,3046.6045272969372,2820.7460035523986,"Stairs"
"STR_S4_7.jpg",0,1928.525754884547,2459.218009478673,2962.9840142095914,"Stairs"
"STR_S4_77.jpg",0,713.0817051509769,2615.5766439573454,3466.1971580817044,"Stairs"
"STR_S4_78.jpg",0,1000.5399644760213,2830.583530805687,3818.387211367673,"Stairs"
"STR_S4_75.jpg",182.0616113744076,561.563055062167,2961.96682464455,3990.053285968028,"Stairs"
"STR_S4_76.jpg",0,552.0497335701598,2689.6195571682465,3504.873889875666,"Stairs"
"STR_S4_74.jpg",1101.4513981358189,282.6287744227354,4160,3120,"Stairs"
"STR_S4_82.jpg",0,1477.797513321492,2779.905213270142,4160,"Stairs"
"STR_S4_81.jpg",0,1064.014209591474,2451.8246445497625,4160,"Stairs"
"STR_S4_8.jpg",0,1839.8579040852576,3120,4160,"Stairs"
"STR_S4_79.jpg",0,960.5683836589698,3120,4160,"Stairs"
"STR_S4_80.jpg",0,901.4564831261099,3105.21327014218,4160,"Stairs"
"STR_S4_83.jpg",0,923.6234458259324,2777.132701421801,4063.9431616341026,"Stairs"
"STR_S4_87.jpg",381.68246445497624,14.77797513321492,3119.9999999999995,4159.999999999999,"Stairs"
"STR_S4_86.jpg",0,0,3058.0805687203792,4071.3321492007094,"Stairs"
"STR_S4_84.jpg",0,110.8348134991119,3095.0473933649287,4160,"Stairs"
"STR_S4_85.jpg",0,0,3080.260663507109,3938.330373001776,"Stairs"
"STR_S4_88.jpg",1072.0379146919431,0,3119.999999999999,4159.999999999999,"Stairs"
"STR_S4_90.jpg",0,975.3463587921847,3109.834123222749,4123.055062166962,"Stairs"
"STR_S4_9.jpg",0,1943.3037300177618,3035.900473933648,4159.999999999998,"Stairs"
"STR_S4_91.jpg",0,304.79573712255774,3433.4886817576567,2853.9964476021314,"Stairs"
"STR_S4_89.jpg",0,0,3117.2274881516573,3657.5488454706924,"Stairs"
"STR_S4_95.jpg",303.7949400798935,1257.97513321492,2929.4141145139815,2975.914742451155,"Stairs"
"STR_S4_96.jpg",337.0306258322237,1407.6021314387212,3272.849533954727,2953.747779751332,"Stairs"
"STR_S4_94.jpg",0,720.4262877442274,2741.0785619174435,3031.332149200711,"Stairs"
"STR_S4_93.jpg",0,205.04440497335702,2746.617842876165,2959.2895204262877,"Stairs"
"STR_S4_92.jpg",1084.8335552596538,653.9253996447602,4109.280958721704,3053.499111900533,"Stairs"
"STR_S4_99.jpg",0,746.2877442273534,2451.8246445497625,3879.2184724689155,"Stairs"
"STR_S4_98.jpg",0,701.9538188277086,3120,4159.999999999999,"Stairs"
"00001IMG_00001_BURST20200120161350.jpg",0,687.1758436944938,3080.260663507109,2756.0923623445824,"Stairs"
"STR_S4_97.jpg",0,1080.639431616341,2475.1930758988015,3042.4156305506217,"Stairs"
"00001IMG_00001_BURST20200120161434.jpg",396.4691943127962,642.8419182948489,3120,3206.8206039076367,"Stairs"
"00001IMG_00001_BURST20200120161502.jpg",0,834.955595026643,1779.028436018957,3458.0461811722907,"Stairs"
"00001IMG_00001_BURST20200120161451.jpg",0,0,3095.0473933649287,3531.936056838366,"Stairs"
"00001IMG_00001_BURST20200120161644.jpg",0,0,3072.867298578199,3384.1563055062165,"Stairs"
"00001IMG_00001_BURST20200120161847.jpg",337.32227488151653,236.4476021314387,2658.8388625592406,2822.5932504440493,"Stairs"
"00001IMG_00001_BURST20200120161438.jpg",118.29383886255967,325.1154529307282,3120,3384.156305506216,"Stairs"
"00002IMG_00002_BURST20200120161438.jpg",93.34123222748815,458.1172291296625,3072.867298578199,3265.9325044404973,"Stairs"
"00002IMG_00002_BURST20200120161451.jpg",0,0,3095.0473933649287,3546.7140319715804,"Stairs"
"00001IMG_00001_BURST20200120161857.jpg",0,169.94671403197157,2895.4265402843603,3938.330373001775,"Stairs"
"00002IMG_00002_BURST20200120161350.jpg",0,805.3996447602132,3087.654028436019,2926.039076376554,"Stairs"
"00002IMG_00002_BURST20200120161434.jpg",300.3554502369668,598.5079928952042,3065.4739336492894,3258.5435168738895,"Stairs"
"00002IMG_00002_BURST20200120161847.jpg",263.38862559241704,192.11367673179393,2836.279620853081,2696.9804618117223,"Stairs"
"00002IMG_00002_BURST20200120161857.jpg",0,44.333925399644734,3087.654028436018,3945.7193605683815,"Stairs"
"00002IMG_00002_BURST20200120161502.jpg",0,790.6216696269983,1675.521327014218,3413.712255772646,"Stairs"
"00003IMG_00003_BURST20200120161350.jpg",0,731.5097690941385,3105.21327014218,3014.7069271758432,"Stairs"
"00003IMG_00003_BURST20200120161434.jpg",0,731.5097690941385,3120,3428.4902309058593,"Stairs"
"00003IMG_00003_BURST20200120161847.jpg",352.1090047393365,206.89165186500884,2762.345971563981,2733.9253996447596,"Stairs"
"00003IMG_00003_BURST20200120161502.jpg",0,783.2326820603907,1771.6350710900474,3664.9378330372992,"Stairs"
"00004IMG_00004_BURST20200120161350.jpg",0,864.5115452930727,3072.867298578199,3036.873889875666,"Stairs"
"00003IMG_00003_BURST20200120161451.jpg",0,0,3120,3753.605683836588,"Stairs"
"00003IMG_00003_BURST20200120161438.jpg",0,369.449378330373,3102.4407582938384,3339.8223801065715,"Stairs"
"00003IMG_00003_BURST20200120161857.jpg",576.6824644549763,0,2432.4170616113743,3746.2166962699807,"Stairs"
"00004IMG_00004_BURST20200120161502.jpg",0,1100.9591474245112,1860.3554502369666,3428.490230905861,"Stairs"
"00004IMG_00004_BURST20200120161438.jpg",381.6824644549763,458.1172291296625,3117.2274881516587,3155.097690941385,"Stairs"
"00004IMG_00004_BURST20200120161451.jpg",0,0,3102.4407582938384,3724.04973357016,"Stairs"
"00004IMG_00004_BURST20200120161434.jpg",347.4881516587678,724.1207815275308,3009.0995260663494,3184.653641207815,"Stairs"
"00004IMG_00004_BURST20200120161847.jpg",366.8957345971563,280.78152753108344,2762.345971563981,2933.4280639431618,"Stairs"
"00004IMG_00004_BURST20200120161857.jpg",233.81516587677726,140.39076376554175,2939.78672985782,3953.108348134991,"Stairs"
"00005IMG_00005_BURST20200120161438.jpg",463.00947867298567,716.7317939609235,2961.966824644549,3701.8827708703366,"Stairs"
"00005IMG_00005_BURST20200120161350.jpg",93.34123222748815,775.8436944937832,3058.0805687203792,3095.9857904085256,"Stairs"
"00005IMG_00005_BURST20200120161434.jpg",41.58767772511848,820.1776198934281,3087.654028436019,3487.6021314387212,"Stairs"
"00006IMG_00006_BURST20200120161350.jpg",0,709.3428063943161,3095.0473933649287,3310.266429840142,"Stairs"
"00005IMG_00005_BURST20200120161502.jpg",0,746.2877442273534,1793.8151658767767,3820.1065719360563,"Stairs"
"00006IMG_00006_BURST20200120161434.jpg",352.1090047393365,738.898756660746,3058.080568720379,3302.8774422735346,"Stairs"
"00005IMG_00005_BURST20200120161451.jpg",0,0,3095.0473933649287,3820.1065719360568,"Stairs"
"00005IMG_00005_BURST20200120161847.jpg",588.696682464455,347.2824156305506,2814.099526066351,3265.9325044404973,"Stairs"
"00006IMG_00006_BURST20200120161438.jpg",584.0758293838862,613.285968028419,3120,3228.98756660746,"Stairs"
"00006IMG_00006_BURST20200120161857.jpg",507.36966824644537,413.78330373001774,2525.7582938388623,2711.7584369449373,"Stairs"
"00006IMG_00006_BURST20200120161451.jpg",0,22.166962699822378,3080.2606635071083,4130.44404973357,"Stairs"
"00006IMG_00006_BURST20200120161847.jpg",71.1611374407583,310.3374777975133,3043.2938388625594,3465.4351687388985,"Stairs"
"00006IMG_00006_BURST20200120161502.jpg",0,1004.9023090586145,1764.2417061611375,3783.1616341030194,"Stairs"
"00007IMG_00007_BURST20200120161502.jpg",0,1174.8490230905861,2096.9431279620853,3938.330373001774,"Stairs"
"00007IMG_00007_BURST20200120161438.jpg",233.81516587677726,783.2326820603907,3087.654028436019,3472.824156305506,"Stairs"
"00007IMG_00007_BURST20200120161451.jpg",0,0,3120,4019.609236234458,"Stairs"
"00007IMG_00007_BURST20200120161350.jpg",54.52606635071132,746.2877442273533,3120,3066.4298401420956,"Stairs"
"00007IMG_00007_BURST20200120161434.jpg",115.521327014218,746.2877442273533,2998.9336492891,3221.5985790408527,"Stairs"
"00007IMG_00007_BURST20200120161847.jpg",532.3222748815166,266.0035523978685,2725.379146919431,3768.383658969804,"Stairs"
"00008IMG_00008_BURST20200120161438.jpg",255.9952606635071,568.9520426287744,3095.0473933649287,3531.936056838366,"Stairs"
"00007IMG_00007_BURST20200120161857.jpg",706.9905213270142,317.7264653641207,2518.364928909952,2992.539964476021,"Stairs"
"00008IMG_00008_BURST20200120161350.jpg",559.1232227488151,694.5648312611012,2984.1469194312795,3635.38188277087,"Stairs"
"00008IMG_00008_BURST20200120161434.jpg",285.5687203791469,731.5097690941385,2925,3450.657193605683,"Stairs"
"00008IMG_00008_BURST20200120161502.jpg",0,1219.182948490231,2555.3317535545025,4159.999999999998,"Stairs"
"00009IMG_00009_BURST20200120161350.jpg",81.32701421800948,879.2895204262875,2979.526066350711,3938.330373001774,"Stairs"
"00008IMG_00008_BURST20200120161847.jpg",332.70142180094786,288.17051509769095,2888.03317535545,4093.4991119005326,"Stairs"
"00008IMG_00008_BURST20200120161857.jpg",706.9905213270142,317.72646536412077,2599.691943127962,3458.046181172291,"Stairs"
"00008IMG_00008_BURST20200120161451.jpg",63.76777251184834,0,3072.867298578199,3893.9964476021314,"Stairs"
"00009IMG_00009_BURST20200120161438.jpg",588.696682464455,561.563055062167,2888.03317535545,3332.433392539964,"Stairs"
"00009IMG_00009_BURST20200120161502.jpg",0,1233.9609236234458,3006.3270142180095,4160,"Stairs"
"00009IMG_00009_BURST20200120161847.jpg",551.7298578199052,214.28063943161632,2459.2180094786727,2711.758436944938,"Stairs"
"00009IMG_00009_BURST20200120161451.jpg",0,0,3072.867298578199,4049.165186500888,"Stairs"
"00009IMG_00009_BURST20200120161434.jpg",73.9336492890995,746.2877442273531,3120,3325.0444049733546,"Stairs"
"00009IMG_00009_BURST20200120161857.jpg",241.2085308056872,583.7300177619893,2888.03317535545,3642.7708703374774,"Stairs"
"00010IMG_00010_BURST20200120161438.jpg",41.58767772511848,1123.126110124334,3109.8341232227485,3893.9964476021314,"Stairs"
"00010IMG_00010_BURST20200120161434.jpg",4.62085308056872,820.1776198934281,3080.2606635071093,3561.4920071047954,"Stairs"
"00010IMG_00010_BURST20200120161451.jpg",344.7156398104265,0,3058.0805687203792,3753.6056838365894,"Stairs"
"00010IMG_00010_BURST20200120161350.jpg",0,820.1776198934281,3120,3169.8756660745994,"Stairs"
"00010IMG_00010_BURST20200120161847.jpg",539.7156398104265,302.94849023090586,2129.2890995260664,2674.8134991119,"Stairs"
"00010IMG_00010_BURST20200120161857.jpg",670.0236966824644,413.7833037300177,2592.298578199052,3975.2753108348124,"Stairs"
"00011IMG_00011_BURST20200120161434.jpg",418.6492890995261,842.3445825932504,3028.507109004739,3509.7690941385436,"Stairs"
"00010IMG_00010_BURST20200120161502.jpg",34.19431279620853,2024.582593250444,3120,4026.9982238010657,"Stairs"
"00011IMG_00011_BURST20200120161350.jpg",93.34123222748815,1071.4031971580816,3065.473933649289,3591.0479573712255,"Stairs"
"00012IMG_00012_BURST20200120161451.jpg",0,0,3120,3694.4937833037297,"Stairs"
"00011IMG_00011_BURST20200120161451.jpg",0,0,3065.473933649289,4063.943161634103,"Stairs"
"00012IMG_00012_BURST20200120161438.jpg",12.014218009478673,894.0674955595024,3120,3509.769094138543,"Stairs"
"00012IMG_00012_BURST20200120161350.jpg",0,871.9005328596803,3109.834123222749,3701.8827708703375,"Stairs"
"00011IMG_00011_BURST20200120161438.jpg",29.57345971563981,1130.515097690941,3117.2274881516587,3598.436944937832,"Stairs"
"00013IMG_00013_BURST20200120161350.jpg",211.6350710900474,871.9005328596803,3072.867298578199,3435.879218472469,"Stairs"
"00013IMG_00013_BURST20200120161438.jpg",211.6350710900474,908.8454706927174,3120,3679.715808170514,"Stairs"
"00012IMG_00012_BURST20200120161847.jpg",544.3364928909951,317.72646536412077,2481.3981042654027,3302.877442273534,"Stairs"
"00013IMG_00013_BURST20200120161451.jpg",0,0,3006.3270142180095,4026.998223801065,"Stairs"
"00014IMG_00014_BURST20200120161350.jpg",159.88151658767774,1064.0142095914741,3109.8341232227485,3908.774422735346,"Stairs"
"00015IMG_00015_BURST20200120161438.jpg",0,1049.2362344582593,3120,3797.9396092362335,"Stairs"
"00015IMG_00015_BURST20200120161350.jpg",167.27488151658764,908.8454706927174,3095.047393364929,3428.490230905861,"Stairs"
"00015IMG_00015_BURST20200120161451.jpg",0,0,3095.0473933649287,3908.7744227353464,"Stairs"
"00014IMG_00014_BURST20200120161451.jpg",122.91469194312788,0,3053.4597156398104,3561.492007104795,"Stairs"
"00014IMG_00014_BURST20200120161438.jpg",130.3080568720379,967.9573712255773,3058.0805687203792,3413.712255772646,"Stairs"
"00016IMG_00016_BURST20200120161350.jpg",292.9620853080569,960.5683836589698,3102.440758293839,3598.436944937833,"Stairs"
"00017IMG_00017_BURST20200120161438.jpg",270.78199052132703,1145.2930728241563,3050.687203791469,3842.273534635879,"Stairs"
"00017IMG_00017_BURST20200120161350.jpg",0,1078.7921847246892,3087.654028436019,3982.6642984014206,"Stairs"
"00016IMG_00016_BURST20200120161438.jpg",167.27488151658767,975.3463587921847,3095.047393364929,3384.1563055062165,"Stairs"
"00016IMG_00016_BURST20200120161451.jpg",48.981042654028435,0,3117.2274881516587,3953.108348134991,"Stairs"
"00019IMG_00019_BURST20200120161350.jpg",322.53554502369667,1137.9040852575488,3021.1137440758293,3731.4387211367675,"Stairs"
"00018IMG_00018_BURST20200120161438.jpg",41.58767772511848,1071.4031971580816,3117.2274881516587,3834.884547069272,"Stairs"
"00018IMG_00018_BURST20200120161350.jpg",130.30805687203792,953.1793960923624,3109.834123222749,3797.9396092362344,"Stairs"
"00017IMG_00017_BURST20200120161451.jpg",0,0,3087.654028436019,3672.3268206039074,"Stairs"
"00018IMG_00018_BURST20200120161451.jpg",0,0,2991.5402843601896,3435.879218472469,"Stairs"
"00019IMG_00019_BURST20200120161857.jpg",463.0094786729857,657.619893428064,2318.7440758293837,3095.9857904085256,"Stairs"
"00019IMG_00019_BURST20200120161438.jpg",182.0616113744076,1034.4582593250443,3102.440758293839,3642.770870337478,"Stairs"
"00020IMG_00020_BURST20200120161350.jpg",603.4834123222747,1019.6802841918293,2939.7867298578194,3605.82593250444,"Stairs"
"00020IMG_00020_BURST20200120161438.jpg",618.2701421800948,1366.96269982238,2851.0663507109007,4004.8312611012434,"Stairs"
"00019IMG_00019_BURST20200120161451.jpg",0,0,3109.834123222749,3472.8241563055058,"Stairs"
"00021IMG_00021_BURST20200120161438.jpg",374.28909952606637,1115.7371225577265,2932.39336492891,3591.0479573712255,"Stairs"
"00022IMG_00022_BURST20200120161350.jpg",0,1499.9644760213143,3102.4407582938384,3916.1634103019533,"Stairs"
"00021IMG_00021_BURST20200120161350.jpg",0,1300.4618117229124,3120,3531.9360568383654,"Stairs"
"00021IMG_00021_BURST20200120161451.jpg",39.73933649289184,0,3120,3391.545293072824,"Stairs"
"00020IMG_00020_BURST20200120161451.jpg",48.981042654028435,14.77797513321492,3006.3270142180095,4004.8312611012434,"Stairs"
"00023IMG_00023_BURST20200120161350.jpg",0,1152.6820603907638,2998.9336492890993,3672.3268206039074,"Stairs"
"00023IMG_00023_BURST20200120161451.jpg",288.34123222748815,147.7797513321492,2976.7535545023693,3650.159857904085,"Stairs"
"00022IMG_00022_BURST20200120161451.jpg",241.2085308056872,110.8348134991119,3065.473933649289,3953.108348134991,"Stairs"
"00023IMG_00023_BURST20200120161438.jpg",270.78199052132703,1352.1847246891653,3021.1137440758293,3598.4369449378332,"Stairs"
"00024IMG_00024_BURST20200120161350.jpg",0,1211.7939609236234,3095.0473933649287,3627.992895204263,"Stairs"
"00025IMG_00025_BURST20200120161350.jpg",0,1440.8525754884547,3009.099526066351,3812.7175843694476,"Stairs"
"00025IMG_00025_BURST20200120161451.jpg",0,81.27886323268206,3117.2274881516587,3650.159857904085,"Stairs"
"00025IMG_00025_BURST20200120161438.jpg",56.37440758293839,1588.6323268206038,2991.5402843601896,3908.774422735346,"Stairs"
"00024IMG_00024_BURST20200120161438.jpg",122.91469194312796,1233.9609236234458,2932.3933649289097,3613.2149200710483,"Stairs"
"00024IMG_00024_BURST20200120161451.jpg",0,0,3050.687203791469,3605.8259325044405,"Stairs"
"00027IMG_00027_BURST20200120161438.jpg",0,1706.8561278863233,2969.3601895734596,3930.9413854351687,"Stairs"
"00026IMG_00026_BURST20200120161438.jpg",189.45497630331752,1492.5754884547068,3058.080568720379,3901.3854351687387,"Stairs"
"00026IMG_00026_BURST20200120161350.jpg",0,1566.4653641207808,3120,3325.0444049733564,"Stairs"
"00026IMG_00026_BURST20200120161451.jpg",48.981042654028435,81.27886323268206,3065.473933649289,3923.552397868561,"Stairs"
"00027IMG_00027_BURST20200120161350.jpg",0,1684.6891651865008,3035.900473933649,3827.495559502664,"Stairs"
"00028IMG_00028_BURST20200120161451.jpg",41.58767772511848,236.4476021314387,3087.654028436019,3901.3854351687387,"Stairs"
"00027IMG_00027_BURST20200120161451.jpg",0,0,3080.260663507109,3546.714031971581,"Stairs"
"00029IMG_00029_BURST20200120161438.jpg",0,2061.5275310834813,2947.18009478673,3953.108348134991,"Stairs"
"00028IMG_00028_BURST20200120161350.jpg",0,1588.6323268206036,3120,3753.6056838365885,"Stairs"
"00028IMG_00028_BURST20200120161438.jpg",0,1699.4671403197158,3035.900473933649,3834.884547069272,"Stairs"
"00030IMG_00030_BURST20200120161350.jpg",0,1972.8596802841919,3120,3975.2753108348134,"Stairs"
"00029IMG_00029_BURST20200120161350.jpg",0,1765.9680284191825,3120,3435.879218472469,"Stairs"
"00030IMG_00030_BURST20200120161438.jpg",0,1832.4689165186498,3087.654028436019,3797.939609236234,"Stairs"
"00029IMG_00029_BURST20200120161451.jpg",0,229.05861456483126,3058.0805687203792,3938.330373001776,"Stairs"
"00030IMG_00030_BURST20200120161451.jpg",0,81.27886323268206,3043.2938388625594,3812.717584369449,"Stairs"
"00031IMG_00031_BURST20200120161350.jpg",0,1980.2486678507985,3120,3487.602131438721,"Stairs"
"00032IMG_00032_BURST20200120161350.jpg",0,2238.86323268206,3120,3768.3836589698035,"Stairs"
"00031IMG_00031_BURST20200120161451.jpg",0,502.45115452930725,3072.867298578199,3871.8294849023086,"Stairs"
"00033IMG_00033_BURST20200120161350.jpg",0,1514.7424511545294,2861.2322274881517,4004.8312611012434,"Stairs"
"00032IMG_00032_BURST20200120161451.jpg",0,576.3410301953819,3087.654028436019,3945.7193605683824,"Stairs"
"00034IMG_00034_BURST20200120161350.jpg",0,1182.2380106571936,2474.004739336493,3443.268206039076,"Stairs"
"00036IMG_00036_BURST20200120161350.jpg",0,2024.582593250444,3065.473933649289,4093.4991119005326,"Stairs"
"00035IMG_00035_BURST20200120161350.jpg",0,1596.0213143872113,3109.834123222749,3834.8845470692713,"Stairs"
"00034IMG_00034_BURST20200120161451.jpg",0,554.1740674955595,3087.654028436019,3642.770870337478,"Stairs"
"00033IMG_00033_BURST20200120161451.jpg",0,450.72824156305506,3006.3270142180095,4108.277087033747,"Stairs"
"00038IMG_00038_BURST20200120161451.jpg",0,613.2859680284191,3095.0473933649287,3694.4937833037297,"Stairs"
"00039IMG_00039_BURST20200120161451.jpg",0,598.5079928952041,3117.2274881516582,3953.108348134991,"Stairs"
"00035IMG_00035_BURST20200120161451.jpg",0,465.50621669627,3087.654028436019,3908.774422735346,"Stairs"
"00037IMG_00037_BURST20200120161451.jpg",0,642.841918294849,3120,3768.383658969805,"Stairs"
"00036IMG_00036_BURST20200120161451.jpg",0,435.95026642984016,3109.834123222749,3997.4422735346357,"Stairs"
"00043IMG_00043_BURST20200120161451.jpg",0,798.0106571936057,3095.0473933649287,3724.04973357016,"Stairs"
"00044IMG_00044_BURST20200120161451.jpg",0,901.4564831261101,3109.834123222749,3687.1047957371225,"Stairs"
"00042IMG_00042_BURST20200120161451.jpg",0,362.06039076376555,3080.260663507109,3701.8827708703375,"Stairs"
"00041IMG_00041_BURST20200120161451.jpg",0,849.7335701598579,3095.0473933649287,3598.436944937833,"Stairs"
"00040IMG_00040_BURST20200120161451.jpg",0,709.3428063943161,3065.473933649289,4078.7211367673176,"Stairs"
"00046IMG_00046_BURST20200120161451.jpg",0,1093.570159857904,3095.0473933649287,3605.82593250444,"Stairs"
"00047IMG_00047_BURST20200120161451.jpg",0,805.3996447602132,3117.2274881516587,3332.433392539964,"Stairs"
"00045IMG_00045_BURST20200120161451.jpg",0,1027.069271758437,3065.473933649289,4004.8312611012434,"Stairs"
"00048IMG_00048_BURST20200120161451.jpg",0,1049.2362344582593,3117.2274881516587,3820.1065719360568,"Stairs"
"IMG_20200101_115431.jpg",41.58767772511848,990.1243339253996,3065.473933649289,2201.918294849023,"Stairs"
"IMG_20200101_115439.jpg",455.6161137440758,901.45648312611,2681.0189573459716,3413.712255772646,"Stairs"
"IMG_20200120_160630.jpg",56.37440758293839,384.2273534635879,3080.2606635071093,2482.6998223801065,"Stairs"
"IMG_20200120_160618.jpg",0,57.97513321492007,1072.653785488959,1135.6305506216695,"Stairs"
"IMG_20200120_160625.jpg",329.92890995260666,768.4547069271757,3065.4739336492894,2600.923623445826,"Stairs"
"IMG_20200120_160636.jpg",803.1042654028435,524.6181172291297,3102.4407582938384,2630.479573712256,"Stairs"
"00001IMG_00001_BURST20200122125641.jpg",532.3222748815166,266.0035523978685,3028.507109004738,3384.156305506215,"Stairs"
"IMG_20200120_161344.jpg",0,945.7904085257549,3087.654028436019,2061.5275310834813,"Stairs"
"IMG_20200120_161122.jpg",0,1374.3516873889876,3120,2571.3676731793958,"Stairs"
"IMG_20200120_161141.jpg",0,1278.2948490230906,3117.2274881516587,2224.085257548845,"Stairs"
"IMG_20200120_161414.jpg",0,1027.069271758437,3117.227488151658,2527.033747779751,"Stairs"
"00001IMG_00001_BURST20200122125802.jpg",0,0,3120,2977.761989342806,"Stairs"
"00001IMG_00001_BURST20200122125651.jpg",0,0,3095.0473933649287,3879.2184724689155,"Stairs"
"00001IMG_00001_BURST20200122125717.jpg",0,1285.683836589698,3095.0473933649287,3302.8774422735337,"Stairs"
"00001IMG_00001_BURST20200122125725.jpg",0,783.2326820603905,3117.227488151658,2719.147424511545,"Stairs"
"00001IMG_00001_BURST20200122125730.jpg",0,620.6749555950263,3120,2113.250444049733,"Stairs"
"00001IMG_00001_BURST20200122125837.jpg",39.73933649289142,0,3119.9999999999995,3369.378330373001,"Stairs"
"00001IMG_00001_BURST20200122125823.jpg",0,1248.7388987566608,3102.440758293839,3095.9857904085256,"Stairs"
"00001IMG_00001_BURST20200122125807.jpg",0,0,3095.0473933649287,3642.770870337478,"Stairs"
"00001IMG_00001_BURST20200122125830.jpg",4.62085308056872,310.3374777975133,3050.6872037914695,3258.5435168738895,"Stairs"
"00001IMG_00001_BURST20200122125908.jpg",0,498.7566607460036,4136.977363515313,2488.241563055062,"Stairs"
"00001IMG_00001_BURST20200302141028.jpg",522.1563981042653,746.2877442273534,2843.67298578199,3384.156305506216,"Stairs"
"00002IMG_00002_BURST20200122125641.jpg",233.81516587677726,295.5595026642984,2814.099526066351,3458.0461811722917,"Stairs"
"00001IMG_00001_BURST20200302141240.jpg",0,783.2326820603907,3095.0473933649287,2408.809946714032,"Stairs"
"00001IMG_00001_BURST20200302141045.jpg",196.84834123222743,59.11190053285968,3043.2938388625594,3605.8259325044405,"Stairs"
"00001IMG_00001_BURST20200302141229.jpg",292.9620853080569,524.6181172291296,3021.113744075829,1559.0763765541737,"Stairs"
"00002IMG_00002_BURST20200122125725.jpg",0,761.0657193605681,3120,2689.591474245115,"Stairs"
"00002IMG_00002_BURST20200122125730.jpg",0,539.3960923623446,3009.099526066351,2113.250444049733,"Stairs"
"00002IMG_00002_BURST20200122125802.jpg",0,0,3102.4407582938384,3332.433392539964,"Stairs"
"00002IMG_00002_BURST20200122125717.jpg",211.6350710900474,1189.626998223801,3006.3270142180095,3258.543516873889,"Stairs"
"00002IMG_00002_BURST20200122125651.jpg",0,0,3087.654028436019,3938.330373001776,"Stairs"
"00002IMG_00002_BURST20200122125830.jpg",0,280.7815275310835,3102.440758293839,3265.9325044404973,"Stairs"
"00002IMG_00002_BURST20200122125807.jpg",0,0,3120,4160,"Stairs"
"00002IMG_00002_BURST20200122125823.jpg",0,1219.182948490231,3109.834123222749,3095.9857904085256,"Stairs"
"00002IMG_00002_BURST20200122125837.jpg",0,0,3087.654028436019,3221.5985790408527,"Stairs"
"00002IMG_00002_BURST20200302141028.jpg",433.436018957346,724.1207815275311,2629.265402843602,3354.600355239787,"Stairs"
"00002IMG_00002_BURST20200302141045.jpg",0,36.9449378330373,3119.9999999999986,3967.886323268206,"Stairs"
"00002IMG_00002_BURST20200302141229.jpg",219.02843601895734,561.563055062167,3117.2274881516587,1573.854351687389,"Stairs"
"00002IMG_00002_BURST20200122125908.jpg",0,482.1314387211368,4059.4274300932093,2504.866785079929,"Stairs"
"00002IMG_00002_BURST20200302141240.jpg",0,716.7317939609236,3102.440758293839,2541.811722912966,"Stairs"
"00003IMG_00003_BURST20200122125641.jpg",130.30805687203792,243.83658969804617,2947.18009478673,3494.9911190053285,"Stairs"
"00003IMG_00003_BURST20200122125730.jpg",4.620853080568719,605.8969804618117,2942.5592417061607,2135.417406749556,"Stairs"
"00003IMG_00003_BURST20200122125725.jpg",0,731.5097690941384,3102.4407582938384,2682.2024866785077,"Stairs"
"00003IMG_00003_BURST20200122125717.jpg",63.76777251184834,1226.5719360568382,3102.440758293839,3339.822380106572,"Stairs"
"00003IMG_00003_BURST20200122125802.jpg",0,0,3095.0473933649287,3251.1545293072822,"Stairs"
"00003IMG_00003_BURST20200122125651.jpg",0,0,3102.440758293839,3953.108348134991,"Stairs"
"00003IMG_00003_BURST20200122125837.jpg",0,0,3109.834123222749,3007.317939609236,"Stairs"
"00003IMG_00003_BURST20200122125807.jpg",0,0,3095.0473933649287,3768.3836589698044,"Stairs"
"00003IMG_00003_BURST20200122125823.jpg",0,997.5133214920071,3102.440758293839,3110.7637655417407,"Stairs"
"00003IMG_00003_BURST20200122125830.jpg",0,266.00355239786853,3117.2274881516587,3273.3214920071046,"Stairs"
"00003IMG_00003_BURST20200122125908.jpg",0,404.54706927175846,4153.595206391478,2416.1989342806396,"Stairs"
"00003IMG_00003_BURST20200302141028.jpg",288.34123222748815,709.3428063943161,2979.5260663507106,3317.6554174067496,"Stairs"
"00003IMG_00003_BURST20200302141240.jpg",0,738.898756660746,3102.440758293839,2563.9786856127885,"Stairs"
"00003IMG_00003_BURST20200302141229.jpg",196.84834123222748,554.1740674955595,3087.654028436019,1655.133214920071,"Stairs"
"00004IMG_00004_BURST20200122125641.jpg",0,229.05861456483123,3120,3413.7122557726466,"Stairs"
"00003IMG_00003_BURST20200302141045.jpg",0,36.9449378330373,3087.654028436019,3672.326820603907,"Stairs"
"00004IMG_00004_BURST20200122125651.jpg",0,0,3102.4407582938384,4071.3321492007103,"Stairs"
"00004IMG_00004_BURST20200122125717.jpg",34.19431279620852,1197.0159857904082,3102.4407582938384,3332.433392539964,"Stairs"
"00004IMG_00004_BURST20200122125725.jpg",0,746.2877442273533,3087.654028436019,2763.4813499111897,"Stairs"
"00004IMG_00004_BURST20200122125802.jpg",0,0,3120,3273.321492007104,"Stairs"
"00004IMG_00004_BURST20200122125730.jpg",0,561.563055062167,3068.2464454976302,2142.8063943161633,"Stairs"
"00004IMG_00004_BURST20200122125807.jpg",0,0,3117.2274881516582,3975.2753108348134,"Stairs"
"00004IMG_00004_BURST20200122125837.jpg",0,0,3102.440758293839,3192.0426287744226,"Stairs"
"00004IMG_00004_BURST20200122125830.jpg",0,0,3120,3221.5985790408517,"Stairs"
"00004IMG_00004_BURST20200302141028.jpg",233.81516587677726,738.898756660746,2769.739336492891,3332.4333925399646,"Stairs"
"00004IMG_00004_BURST20200122125908.jpg",0,376.83836589698046,4148.055925432756,2471.6163410301956,"Stairs"
"00004IMG_00004_BURST20200302141229.jpg",263.38862559241704,561.563055062167,3102.440758293839,1544.2984014209592,"Stairs"
"00004IMG_00004_BURST20200302141240.jpg",0,805.3996447602132,3087.654028436019,2674.8134991119005,"Stairs"
"00005IMG_00005_BURST20200122125651.jpg",0,0,3087.654028436019,4049.165186500887,"Stairs"
"00005IMG_00005_BURST20200122125641.jpg",88.72037914691943,266.0035523978685,3013.7203791469187,3376.767317939609,"Stairs"
"00004IMG_00004_BURST20200302141045.jpg",0,177.33570159857902,3120,3923.55239786856,"Stairs"
"00005IMG_00005_BURST20200122125717.jpg",0,1182.2380106571936,3109.834123222749,3568.880994671403,"Stairs"
"00005IMG_00005_BURST20200122125830.jpg",0,221.6696269982238,3102.440758293839,3251.1545293072827,"Stairs"
"00005IMG_00005_BURST20200122125802.jpg",0,0,3117.2274881516582,3561.4920071047954,"Stairs"
"00005IMG_00005_BURST20200122125725.jpg",0,554.1740674955594,3102.4407582938384,2992.5399644760214,"Stairs"
"00005IMG_00005_BURST20200122125730.jpg",0,679.786856127886,3105.21327014218,2113.2504440497332,"Stairs"
"00005IMG_00005_BURST20200302141028.jpg",359.50236966824644,775.8436944937832,2784.526066350711,3177.2646536412076,"Stairs"
"00005IMG_00005_BURST20200302141240.jpg",0,820.1776198934281,3109.834123222749,3088.5968028419184,"Stairs"
"00005IMG_00005_BURST20200122125908.jpg",0,437.79751332149203,4136.977363515313,2532.5754884547077,"Stairs"
"00005IMG_00005_BURST20200302141229.jpg",0,458.1172291296625,3095.0473933649287,2349.6980461811722,"Stairs"
"00005IMG_00005_BURST20200302141045.jpg",0,391.6163410301954,3117.2274881516587,3975.2753108348134,"Stairs"
"00006IMG_00006_BURST20200122125651.jpg",0,0,3095.0473933649287,3709.2717584369448,"Stairs"
"00006IMG_00006_BURST20200122125717.jpg",100.73459715639811,1100.9591474245115,3109.834123222749,3302.877442273534,"Stairs"
"00006IMG_00006_BURST20200122125641.jpg",162.65402843601896,288.1705150976909,2883.4123222748817,3679.715808170515,"Stairs"
"00006IMG_00006_BURST20200122125725.jpg",0,694.5648312611011,3102.4407582938384,2770.8703374777974,"Stairs"
"00006IMG_00006_BURST20200122125730.jpg",0,568.952042628774,2972.132701421801,2135.417406749555,"Stairs"
"00006IMG_00006_BURST20200122125908.jpg",0,410.08880994671404,4160,2477.158081705151,"Stairs"
"00006IMG_00006_BURST20200122125802.jpg",0,0,3109.834123222749,3679.715808170515,"Stairs"
"00006IMG_00006_BURST20200302141045.jpg",0,140.39076376554175,3109.834123222749,3849.6625222024863,"Stairs"
"00006IMG_00006_BURST20200302141028.jpg",307.74881516587675,775.8436944937832,2851.0663507109,3376.767317939609,"Stairs"
"00006IMG_00006_BURST20200122125830.jpg",19.407582938388625,325.1154529307282,3087.654028436019,3243.765541740675,"Stairs"
"00006IMG_00006_BURST20200302141229.jpg",0,539.3960923623446,3095.0473933649287,2756.0923623445824,"Stairs"
"00007IMG_00007_BURST20200122125651.jpg",0,0,3102.440758293839,3760.994671403197,"Stairs"
"00006IMG_00006_BURST20200302141240.jpg",0,539.3960923623446,3120,3480.2131438721135,"Stairs"
"00007IMG_00007_BURST20200122125641.jpg",255.9952606635071,310.3374777975133,3072.867298578199,3472.824156305506,"Stairs"
"00007IMG_00007_BURST20200122125717.jpg",0,1115.7371225577265,3102.440758293839,3251.1545293072822,"Stairs"
"00007IMG_00007_BURST20200122125802.jpg",0,0,3095.0473933649287,3664.9378330373,"Stairs"
"00007IMG_00007_BURST20200302141028.jpg",529.5497630331754,775.8436944937832,2740.1658767772515,3265.932504440497,"Stairs"
"00007IMG_00007_BURST20200122125830.jpg",0,332.5044404973357,3102.4407582938384,3295.4884547069264,"Stairs"
"00007IMG_00007_BURST20200122125908.jpg",0,415.63055062166967,4136.977363515313,2438.365896980462,"Stairs"
"00007IMG_00007_BURST20200122125725.jpg",0,694.5648312611011,3087.654028436019,2763.4813499111897,"Stairs"
"00008IMG_00008_BURST20200122125651.jpg",0,0,3120,4160,"Stairs"
"00007IMG_00007_BURST20200302141229.jpg",0,650.2309058614564,3087.6540284360185,2615.701598579041,"Stairs"
"00007IMG_00007_BURST20200302141240.jpg",0,990.1243339253996,3109.834123222749,3568.880994671403,"Stairs"
"00007IMG_00007_BURST20200302141045.jpg",0,0,3109.8341232227485,4160,"Stairs"
"00008IMG_00008_BURST20200122125641.jpg",270.78199052132703,258.6145648312611,2784.52606635071,3502.3801065719354,"Stairs"
"00008IMG_00008_BURST20200122125717.jpg",0,1093.570159857904,3117.2274881516582,3228.98756660746,"Stairs"
"00008IMG_00008_BURST20200122125908.jpg",0,437.79751332149203,4142.516644474034,2460.532859680284,"Stairs"
"00008IMG_00008_BURST20200302141045.jpg",0,0,3072.867298578199,3849.6625222024863,"Stairs"
"00008IMG_00008_BURST20200122125802.jpg",0,14.777975133214918,3109.834123222749,3797.9396092362344,"Stairs"
"00008IMG_00008_BURST20200302141028.jpg",337.3222748815166,761.0657193605683,2666.2322274881517,3251.1545293072822,"Stairs"
"00008IMG_00008_BURST20200302141229.jpg",0,539.3960923623446,3095.0473933649287,2859.5381882770866,"Stairs"
"00009IMG_00009_BURST20200122125651.jpg",0,0,3120,4160,"Stairs"
"00009IMG_00009_BURST20200122125717.jpg",41.58767772511848,1049.2362344582593,3087.654028436019,3295.4884547069273,"Stairs"
"00008IMG_00008_BURST20200302141240.jpg",0,871.9005328596803,3109.834123222749,3694.49378330373,"Stairs"
"00009IMG_00009_BURST20200122125641.jpg",189.45497630331752,251.22557726465362,2976.7535545023693,3568.880994671403,"Stairs"
"00009IMG_00009_BURST20200302141045.jpg",0,0,3117.2274881516587,3960.4973357015983,"Stairs"
"00009IMG_00009_BURST20200302141028.jpg",189.45497630331752,665.0088809946714,2725.379146919431,3317.6554174067496,"Stairs"
"00009IMG_00009_BURST20200122125802.jpg",0,0,3095.0473933649287,3664.9378330373,"Stairs"
"00009IMG_00009_BURST20200302141229.jpg",0,746.2877442273534,3102.440758293839,3576.2699822380105,"Stairs"
"00009IMG_00009_BURST20200122125908.jpg",0,454.4227353463588,4131.438082556591,2538.1172291296625,"Stairs"
"00010IMG_00010_BURST20200122125641.jpg",0,347.2824156305506,3021.1137440758293,3576.2699822380105,"Stairs"
"00009IMG_00009_BURST20200302141240.jpg",0,746.2877442273532,3120,3805.3285968028413,"Stairs"
"00010IMG_00010_BURST20200122125802.jpg",0,0,3117.227488151658,3812.7175843694495,"Stairs"
"00010IMG_00010_BURST20200122125717.jpg",0,1012.291296625222,3102.440758293839,3221.5985790408527,"Stairs"
"00010IMG_00010_BURST20200122125651.jpg",0,0,3095.0473933649287,3642.770870337478,"Stairs"
"00010IMG_00010_BURST20200302141240.jpg",0,975.3463587921844,3080.2606635071083,3627.992895204263,"Stairs"
"00010IMG_00010_BURST20200302141045.jpg",0,88.66785079928951,3095.0473933649287,3554.103019538188,"Stairs"
"00011IMG_00011_BURST20200122125651.jpg",0,0,3109.834123222749,3731.438721136767,"Stairs"
"00010IMG_00010_BURST20200302141229.jpg",4.62085308056872,798.0106571936057,3095.047393364929,3376.7673179396093,"Stairs"
"00010IMG_00010_BURST20200302141028.jpg",255.9952606635071,679.7868561278863,2828.8862559241707,3398.9342806394316,"Stairs"
"00011IMG_00011_BURST20200122125802.jpg",0,0,3102.440758293838,3768.3836589698044,"Stairs"
"00011IMG_00011_BURST20200302141028.jpg",26.80094786729858,731.5097690941385,2954.5734597156397,3435.879218472469,"Stairs"
"00011IMG_00011_BURST20200122125717.jpg",0,1012.291296625222,3087.654028436019,3288.0994671403196,"Stairs"
"00011IMG_00011_BURST20200302141229.jpg",0,886.6785079928952,3117.2274881516587,3591.0479573712255,"Stairs"
"00011IMG_00011_BURST20200302141045.jpg",0,0,3102.4407582938384,4034.387211367673,"Stairs"
"00012IMG_00012_BURST20200302141028.jpg",152.48815165876778,613.2859680284191,2991.5402843601896,3650.159857904085,"Stairs"
"00012IMG_00012_BURST20200302141045.jpg",0,0,3087.654028436019,3591.0479573712255,"Stairs"
"00012IMG_00012_BURST20200122125717.jpg",0,1019.6802841918294,3102.440758293839,3487.602131438721,"Stairs"
"00012IMG_00012_BURST20200122125651.jpg",0,0,3117.2274881516582,4071.3321492007103,"Stairs"
"00011IMG_00011_BURST20200302141240.jpg",0,938.4014209591473,3095.0473933649287,3650.159857904085,"Stairs"
"00013IMG_00013_BURST20200302141028.jpg",41.58767772511848,709.3428063943161,3013.720379146919,3760.994671403197,"Stairs"
"00012IMG_00012_BURST20200302141229.jpg",0,908.8454706927175,3102.440758293839,3517.158081705151,"Stairs"
"00012IMG_00012_BURST20200302141240.jpg",0,1152.6820603907638,3109.834123222749,3953.1083481349915,"Stairs"
"00013IMG_00013_BURST20200122125717.jpg",19.407582938388625,967.9573712255773,3087.654028436019,3539.3250444049736,"Stairs"
"00013IMG_00013_BURST20200122125651.jpg",0,0,3117.227488151658,3376.7673179396093,"Stairs"
"00014IMG_00014_BURST20200122125651.jpg",0,0,3102.440758293839,3746.216696269982,"Stairs"
"00013IMG_00013_BURST20200302141229.jpg",0,916.234458259325,3095.0473933649287,3820.1065719360568,"Stairs"
"00013IMG_00013_BURST20200302141240.jpg",0,1056.6252220248668,3080.260663507109,4063.9431616341026,"Stairs"
"00014IMG_00014_BURST20200122125717.jpg",0,908.8454706927175,3117.2274881516587,3760.9946714031967,"Stairs"
"00013IMG_00013_BURST20200302141045.jpg",0,7.38898756660746,3109.834123222749,4100.88809946714,"Stairs"
"00014IMG_00014_BURST20200302141229.jpg",0,665.0088809946714,3095.0473933649287,3953.108348134991,"Stairs"
"00015IMG_00015_BURST20200122125717.jpg",0,849.7335701598579,3117.2274881516587,3783.1616341030194,"Stairs"
"00015IMG_00015_BURST20200122125651.jpg",0,0,3109.834123222749,3893.9964476021305,"Stairs"
"00014IMG_00014_BURST20200302141045.jpg",0,118.22380106571936,3087.654028436019,3657.5488454706924,"Stairs"
"00014IMG_00014_BURST20200302141028.jpg",56.37440758293838,798.0106571936057,2954.57345971564,4071.3321492007103,"Stairs"
"00015IMG_00015_BURST20200302141229.jpg",0,997.5133214920071,3095.0473933649287,3709.2717584369448,"Stairs"
"00016IMG_00016_BURST20200122125651.jpg",0,0,3095.0473933649287,4071.3321492007103,"Stairs"
"00015IMG_00015_BURST20200302141240.jpg",0,1374.3516873889876,3095.0473933649287,4145.222024866785,"Stairs"
"00015IMG_00015_BURST20200302141028.jpg",0,628.063943161634,3087.6540284360185,4137.833037300177,"Stairs"
"00015IMG_00015_BURST20200302141045.jpg",0,147.7797513321492,3080.2606635071083,4160,"Stairs"
"00016IMG_00016_BURST20200302141240.jpg",0,1374.3516873889876,3102.440758293839,4034.387211367673,"Stairs"
"00016IMG_00016_BURST20200302141045.jpg",0,147.7797513321492,3109.834123222749,4056.5541740674958,"Stairs"
"00016IMG_00016_BURST20200302141229.jpg",0,635.4529307282415,3102.440758293839,4093.4991119005326,"Stairs"
"00016IMG_00016_BURST20200122125717.jpg",0,495.0621669626998,3109.834123222749,3916.1634103019537,"Stairs"
"00016IMG_00016_BURST20200302141028.jpg",0,665.0088809946714,3095.0473933649287,3908.7744227353455,"Stairs"
"00017IMG_00017_BURST20200302141229.jpg",196.84834123222748,1093.570159857904,3065.473933649289,3879.2184724689164,"Stairs"
"00017IMG_00017_BURST20200302141028.jpg",41.58767772511848,465.50621669627,3043.293838862559,3834.8845470692713,"Stairs"
"00017IMG_00017_BURST20200302141045.jpg",0,155.16873889875666,3080.260663507109,3546.714031971581,"Stairs"
"00017IMG_00017_BURST20200122125717.jpg",369.66824644549763,605.8969804618115,2695.805687203791,3827.495559502664,"Stairs"
"00017IMG_00017_BURST20200122125651.jpg",0,0,3035.9004739336488,4049.165186500888,"Stairs"
"00018IMG_00018_BURST20200302141045.jpg",0,302.94849023090586,3102.440758293839,3908.7744227353464,"Stairs"
"00018IMG_00018_BURST20200122125651.jpg",0,0,3087.654028436019,4093.4991119005326,"Stairs"
"00018IMG_00018_BURST20200302141229.jpg",0,1389.1296625222024,3102.440758293839,3738.827708703375,"Stairs"
"00017IMG_00017_BURST20200302141240.jpg",0,1721.6341030195379,3065.4739336492885,4086.1101243339253,"Stairs"
"00018IMG_00018_BURST20200302141028.jpg",0,302.94849023090586,3028.5071090047395,3435.879218472469,"Stairs"
"00019IMG_00019_BURST20200122125651.jpg",0,0,3117.2274881516587,4078.7211367673176,"Stairs"
"00019IMG_00019_BURST20200302141045.jpg",0,376.83836589698046,3095.0473933649287,3679.715808170515,"Stairs"
"00019IMG_00019_BURST20200302141229.jpg",0,1337.4067495559502,3065.473933649289,3982.6642984014206,"Stairs"
"00019IMG_00019_BURST20200302141028.jpg",0,384.2273534635879,3102.440758293839,3916.1634103019537,"Stairs"
"00018IMG_00018_BURST20200302141240.jpg",0,1714.2451154529306,3109.834123222749,3997.442273534635,"Stairs"
"00020IMG_00020_BURST20200302141229.jpg",0,1418.6856127886322,3109.834123222749,3997.4422735346357,"Stairs"
"00019IMG_00019_BURST20200302141240.jpg",0,1751.190053285968,3102.440758293839,4108.277087033747,"Stairs"
"00020IMG_00020_BURST20200122125651.jpg",0,177.33570159857902,3109.834123222749,3834.8845470692713,"Stairs"
"00020IMG_00020_BURST20200302141240.jpg",0,1810.3019538188275,3095.0473933649287,3760.9946714031967,"Stairs"
"00020IMG_00020_BURST20200302141028.jpg",0,561.563055062167,3102.440758293839,3820.1065719360568,"Stairs"
"00021IMG_00021_BURST20200302141240.jpg",0,1958.0817051509769,3095.0473933649287,4160,"Stairs"
"00021IMG_00021_BURST20200122125651.jpg",0,251.22557726465362,3109.834123222749,3834.884547069272,"Stairs"
"00021IMG_00021_BURST20200302141045.jpg",0,362.06039076376555,3087.654028436019,3687.1047957371225,"Stairs"
"00021IMG_00021_BURST20200302141028.jpg",0,568.9520426287744,3109.834123222749,3893.9964476021314,"Stairs"
"00021IMG_00021_BURST20200302141229.jpg",0,1603.4103019538188,3117.2274881516587,3827.495559502664,"Stairs"
"00022IMG_00022_BURST20200302141045.jpg",0,421.17229129662513,3120,4049.165186500887,"Stairs"
"00022IMG_00022_BURST20200122125651.jpg",0,184.7246891651865,3120,4041.7761989342807,"Stairs"
"00022IMG_00022_BURST20200302141028.jpg",0,605.8969804618117,3087.654028436019,4041.7761989342807,"Stairs"
"00022IMG_00022_BURST20200302141240.jpg",0,1847.2468916518649,3087.654028436019,3834.8845470692713,"Stairs"
"00022IMG_00022_BURST20200302141229.jpg",0,1381.740674955595,3102.440758293839,3753.6056838365894,"Stairs"
"00023IMG_00023_BURST20200302141240.jpg",0,2120.639431616341,3087.654028436019,3960.497335701599,"Stairs"
"00023IMG_00023_BURST20200302141229.jpg",0,1603.4103019538188,3095.0473933649287,3797.9396092362344,"Stairs"
"00024IMG_00024_BURST20200302141028.jpg",0,532.0071047957371,3102.440758293839,3635.38188277087,"Stairs"
"00024IMG_00024_BURST20200302141045.jpg",0,443.3392539964476,3109.834123222749,3938.330373001776,"Stairs"
"00023IMG_00023_BURST20200302141028.jpg",0,517.2291296625222,3109.834123222749,3916.1634103019537,"Stairs"
"00024IMG_00024_BURST20200302141229.jpg",0,1418.6856127886322,3109.834123222749,4115.6660746003545,"Stairs"
"00025IMG_00025_BURST20200302141045.jpg",0,406.3943161634103,3102.440758293839,4056.5541740674953,"Stairs"
"00025IMG_00025_BURST20200302141229.jpg",0,1699.4671403197158,3102.440758293839,4100.88809946714,"Stairs"
"00025IMG_00025_BURST20200302141028.jpg",0,709.3428063943161,3087.654028436019,4012.2202486678507,"Stairs"
"00026IMG_00026_BURST20200302141028.jpg",0,591.1190053285968,3120,4012.2202486678507,"Stairs"
"00027IMG_00027_BURST20200302141028.jpg",0,354.67140319715804,3102.440758293839,3546.714031971581,"Stairs"
"00027IMG_00027_BURST20200302141229.jpg",0,1788.1349911190052,3109.834123222749,4108.277087033747,"Stairs"
"00027IMG_00027_BURST20200302141045.jpg",0,731.5097690941385,3109.834123222749,3871.8294849023086,"Stairs"
"00026IMG_00026_BURST20200302141045.jpg",0,369.449378330373,3102.440758293839,4041.7761989342803,"Stairs"
"00026IMG_00026_BURST20200302141229.jpg",7.393364928909952,1618.1882770870334,3102.440758293839,4049.165186500888,"Stairs"
"00028IMG_00028_BURST20200302141028.jpg",0,517.2291296625222,3095.0473933649287,3842.273534635879,"Stairs"
"00029IMG_00029_BURST20200302141028.jpg",0,310.3374777975133,3095.0473933649287,4123.055062166962,"Stairs"
"00029IMG_00029_BURST20200302141229.jpg",0,1839.8579040852576,3117.2274881516587,4108.277087033748,"Stairs"
"00030IMG_00030_BURST20200302141028.jpg",0,517.2291296625222,3050.687203791469,3709.2717584369448,"Stairs"
"00028IMG_00028_BURST20200302141229.jpg",0,1810.3019538188275,3117.2274881516587,4115.666074600355,"Stairs"
"00031IMG_00031_BURST20200302141028.jpg",0,650.2309058614564,3109.834123222749,3997.4422735346357,"Stairs"
"00034IMG_00034_BURST20200302141028.jpg",0,605.8969804618117,3102.440758293839,3849.662522202487,"Stairs"
"00035IMG_00035_BURST20200302141028.jpg",0,605.8969804618117,3109.834123222749,4115.666074600355,"Stairs"
"00033IMG_00033_BURST20200302141028.jpg",0,761.0657193605683,3080.260663507109,4071.3321492007103,"Stairs"
"00032IMG_00032_BURST20200302141028.jpg",0,731.5097690941385,3109.834123222749,3975.2753108348134,"Stairs"
"00036IMG_00036_BURST20200302141028.jpg",0,975.3463587921847,3080.260663507109,3716.660746003552,"Stairs"
"IMG_20200302_141015.jpg",0,288.17051509769095,3087.654028436019,3635.38188277087,"Stairs"
"IMG_20200302_141013.jpg",0,273.392539964476,3102.440758293839,3694.4937833037297,"Stairs"
"IMG_20200302_141354.jpg",85.9478672985782,628.063943161634,3119.9999999999995,1699.4671403197158,"Stairs"
"IMG_20200122_125825.jpg",0,1174.8490230905861,3087.654028436019,3317.6554174067496,"Stairs"
"7cec17afa84b5580ce67ec3e6e5ade4e.jpg",0,14.321492007104796,550,725.1882770870337,"Stairs"
"photo-1558001787-bdb6806a21a1.jpeg",0,220.1936056838366,982.6718009478673,1323.5293072824156,"Stairs"
"IMG_9564edited.jpg",0,0,802.9999999999998,984.7246891651865,"Stairs"
"IMG_20200302_141355.jpg",0,790.6216696269983,3095.0473933649287,1921.1367673179395,"Stairs"
"IMG_20200302_141357.jpg",0,953.1793960923624,3102.440758293839,2342.3090586145645,"Stairs"
"christmas-stairs-3-1573846448.jpg",27.1,88.24156305506216,387.84000000000003,647.1047957371225,"Stairs"
"download%20(1).jpeg",0,133.72113676731803,191.8953722334004,232.20781527531096,"Stairs"
"download%20(3).jpeg",0,74.06571936056838,192.32634774881515,240.13854351687388,"Stairs"
"download%20(2).jpeg",0,72.28774422735346,188.8553327114428,218.28063943161635,"Stairs"
"dfa2ce0026e9e760c62168457214f404.png",0,102.74955595026643,676.2940492021277,979.7904085257549,"Stairs"
"download.jpeg",10.453488372093023,29.566607460035524,227.23946220930233,168.74600355239787,"Stairs"
"images.jpeg",128.84727272727272,68.90096334586465,272.91272727272724,171.75810620300751,"Stairs"
"images.jpeg",6.087272727272729,71.39097744360902,139.66909090909093,174.12652725563908,"Stairs"
"my-30-staircase-refresh.jpg",59.67224526066351,150.08880994671404,579.4921504739337,813.48134991119,"Stairs"
"how-to-build-a-staircase-hero.jpg",394.3161634103018,177.61989342806396,1000,865.0088809946714,"Stairs"
"downtown-staircase-leading-to-the-lower-level-of-the-home-decor-store-pottery-barn-flat-iron-district-nyc-S2WW31.jpg",257.83293968023264,115.28241563055062,1236.6120094476748,956.2770870337478,"Stairs"
"IMG_4948-1-1.jpg",77.075,361.27886323268206,483.475,866.4298401420959,"Stairs"
"maxresdefault.jpg",377.0181818181818,54.310344827586206,1104.6787878787877,706.8588362068965,"Stairs"
"Wooden-Stairs-510587539-576eab965f9b58587566bb4e.jpg",0,133.46846487226276,870.4,610.8042312956204,"Stairs"
"stair-parts-stair-treads-risers-8503e-036-hd00l-c3_1000.jpg",87.03374777975134,35.52397868561279,840.1420959147425,955.5950266429838,"Stairs"
"80692441988d0f94d363c2279887f488.jpg",78.53694315159572,179.04085257548846,392.08481549202116,600,"Stairs"
"stairs_main-600x390.jpg",158.54545454545456,0,445.0909090909091,379.54057835820896,"Stairs"
"Merida_Staircase_Closeup_8abe6577-d35e-48b6-acc3-0cdc4087f1e9_grande.jpg",147.7970406360424,32.87211367673179,559.104461130742,576.8525754884547,"Stairs"
"Grey_Squares_Stairs_613b751d-f62d-4953-a81f-0096769c678d_973x.jpg",229.25479452054793,79.92895204262878,869.3271832191781,1334.8134991119007,"Stairs"
"photo-1530299363930-f646660f8ad6.jpeg",88.44927937915743,612.2984014209592,886.6754434589801,1226.8152753108347,"Stairs"
"ATT-Post-45-Painted-Stairs-1-819x1024.jpg",73.99437500000002,1.8188277087033748,696.4343750000002,996.7175843694494,"Stairs"
"hall-1-house-8mar18-paul-massey.jpg",201.1761853448276,247.57371225577265,332.45204741379314,471.8792184724689,"Stairs"
"GettyImages-172648437-5a63be17c7822d0037b6cd51.jpg",31.757656458055923,0,958.5219707057257,713.6056838365897,"Stairs"
"IMG_0011_21628522_129452422-1-920x920.jpg",39.21847246891651,500.03552397868543,338.2593250444049,890.5861456483126,"Stairs"
"Staircase-ideas-ombre.jpg",78.15275310834814,23.09058614564831,515.0976909413855,955.5950266429841,"Stairs"
"Blog-Banners-3-tile-stair-design-inspiration-for-your-home-1110x666-24-September-18.jpg",28.254545454545454,25.56363636363636,818.0363636363636,577.1999999999998,"Stairs"